Workbook
Name FP: Results!$C$4
Name FP0: Results!$D$4
Name TP: Results!$B$4

Sheet Ratings
A1: doc_id | B1: doc_title | C1: doc_group | D1: label_id | E1: gold | F1: suggested | G1: qm_ratings | H1: llm_relevance | I1: cosine_similarity | J1: label_text | K1: term | L1: candidate | M1: 0 | N1: Rating | O1: mapping_related_error | P1: True Positives | Q1: False Positives | R1: False Negatives | S1: FP0 | T1: FP1 | U1: FP2 | V1: FNM | W1: FNC | X1: MEU | Y1: MEA
A2: 3A1645658597 | B2: Handbuch des Deutschen in West- und Mitteleuropa : Sprachminderheiten und Mehrsprachigkeitskonstellationen | C2: (classificationName=linsearch:mapping)lin | D2: gnd:1212065077 | E2: FALSE | F2: TRUE | G2: NNN | H2: 0.9 | I2: 0.99999138 | J2: Linguistic Landscape | K2: Sprachlandschaft | L2: Sprachlandschaft | M2: =IF(A2<>A1,M1 + 1, M1) -> 1 | N2: FP0 | P2: =IF(AND(E2,F2),1,0) -> 0 | Q2: =IF(AND(NOT(E2),F2),1,0) -> 1 | R2: =IF(AND(E2,NOT(F2)),1,0) -> 0 | S2: =IF($N2="FP0", 1, 0) -> 1 | T2: =IF($N2="FP1", 1, 0) -> 0 | U2: =IF($N2="FP2", 1, 0) -> 0 | V2: =IF($N2="FNM", 1, 0) -> 0 | W2: =IF($N2="FNC", 1, 0) -> 0 | X2: =IF($O2="MEU", 1, 0) -> 0 | Y2: =IF($O2="MEA", 1, 0) -> 0
A3: 3A1645658597 | B3: Handbuch des Deutschen in West- und Mitteleuropa : Sprachminderheiten und Mehrsprachigkeitskonstellationen | C3: (classificationName=linsearch:mapping)lin | D3: gnd:4038403-2 | E3: TRUE | F3: TRUE | G3: YYY | H3: 0.9 | I3: 0.99999143 | J3: Mehrsprachigkeit | K3: Mehrsprachigkeit | L3: Mehrsprachigkeit | M3: =IF(A3<>A2,M2 + 1, M2) -> 1 | N3: TP | P3: =IF(AND(E3,F3),1,0) -> 1 | Q3: =IF(AND(NOT(E3),F3),1,0) -> 0 | R3: =IF(AND(E3,NOT(F3)),1,0) -> 0 | S3: =IF($N3="FP0", 1, 0) -> 0 | T3: =IF($N3="FP1", 1, 0) -> 0 | U3: =IF($N3="FP2", 1, 0) -> 0 | V3: =IF($N3="FNM", 1, 0) -> 0 | W3: =IF($N3="FNC", 1, 0) -> 0 | X3: =IF($O3="MEU", 1, 0) -> 0 | Y3: =IF($O3="MEA", 1, 0) -> 0
A4: 3A1645658597 | B4: Handbuch des Deutschen in West- und Mitteleuropa : Sprachminderheiten und Mehrsprachigkeitskonstellationen | C4: (classificationName=linsearch:mapping)lin | D4: gnd:4113292-0 | E4: TRUE | F4: TRUE | G4: YYY | J4: Deutsch | M4: =IF(A4<>A3,M3 + 1, M3) -> 1 | N4: TP | P4: =IF(AND(E4,F4),1,0) -> 1 | Q4: =IF(AND(NOT(E4),F4),1,0) -> 0 | R4: =IF(AND(E4,NOT(F4)),1,0) -> 0 | S4: =IF($N4="FP0", 1, 0) -> 0 | T4: =IF($N4="FP1", 1, 0) -> 0 | U4: =IF($N4="FP2", 1, 0) -> 0 | V4: =IF($N4="FNM", 1, 0) -> 0 | W4: =IF($N4="FNC", 1, 0) -> 0 | X4: =IF($O4="MEU", 1, 0) -> 0 | Y4: =IF($O4="MEA", 1, 0) -> 0
A5: 3A1645658597 | B5: Handbuch des Deutschen in West- und Mitteleuropa : Sprachminderheiten und Mehrsprachigkeitskonstellationen | C5: (classificationName=linsearch:mapping)lin | D5: gnd:4131504-2 | E5: FALSE | F5: TRUE | G5: YYY | H5: 0.9 | I5: 0.99998866 | J5: Sprachliche Minderheit | K5: Sprachminderheit | L5: Sprachminderheit | M5: =IF(A5<>A4,M4 + 1, M4) -> 1 | N5: FP2 | P5: =IF(AND(E5,F5),1,0) -> 0 | Q5: =IF(AND(NOT(E5),F5),1,0) -> 1 | R5: =IF(AND(E5,NOT(F5)),1,0) -> 0 | S5: =IF($N5="FP0", 1, 0) -> 0 | T5: =IF($N5="FP1", 1, 0) -> 0 | U5: =IF($N5="FP2", 1, 0) -> 1 | V5: =IF($N5="FNM", 1, 0) -> 0 | W5: =IF($N5="FNC", 1, 0) -> 0 | X5: =IF($O5="MEU", 1, 0) -> 0 | Y5: =IF($O5="MEA", 1, 0) -> 0
A6: 3A1645658597 | B6: Handbuch des Deutschen in West- und Mitteleuropa : Sprachminderheiten und Mehrsprachigkeitskonstellationen | C6: (classificationName=linsearch:mapping)lin | D6: gnd:4191506-9 | E6: FALSE | F6: TRUE | G6: NNN | H6: 0.9 | I6: 0.99999049 | J6: Sprachgebrauch | K6: Sprachgebrauch | L6: Sprachgebrauch | M6: =IF(A6<>A5,M5 + 1, M5) -> 1 | N6: FP0 | P6: =IF(AND(E6,F6),1,0) -> 0 | Q6: =IF(AND(NOT(E6),F6),1,0) -> 1 | R6: =IF(AND(E6,NOT(F6)),1,0) -> 0 | S6: =IF($N6="FP0", 1, 0) -> 1 | T6: =IF($N6="FP1", 1, 0) -> 0 | U6: =IF($N6="FP2", 1, 0) -> 0 | V6: =IF($N6="FNM", 1, 0) -> 0 | W6: =IF($N6="FNC", 1, 0) -> 0 | X6: =IF($O6="MEU", 1, 0) -> 0 | Y6: =IF($O6="MEA", 1, 0) -> 0
A7: 3A1645658597 | B7: Handbuch des Deutschen in West- und Mitteleuropa : Sprachminderheiten und Mehrsprachigkeitskonstellationen | C7: (classificationName=linsearch:mapping)lin | D7: gnd:4132313-0 | E7: TRUE | F7: FALSE | J7: Minderheitensprache | M7: =IF(A7<>A6,M6 + 1, M6) -> 1 | N7: FNM | P7: =IF(AND(E7,F7),1,0) -> 0 | Q7: =IF(AND(NOT(E7),F7),1,0) -> 0 | R7: =IF(AND(E7,NOT(F7)),1,0) -> 1 | S7: =IF($N7="FP0", 1, 0) -> 0 | T7: =IF($N7="FP1", 1, 0) -> 0 | U7: =IF($N7="FP2", 1, 0) -> 0 | V7: =IF($N7="FNM", 1, 0) -> 1 | W7: =IF($N7="FNC", 1, 0) -> 0 | X7: =IF($O7="MEU", 1, 0) -> 0 | Y7: =IF($O7="MEA", 1, 0) -> 0
A8: 3A1681233886 | B8: Im Spiegel der Sprache : warum die Welt in anderen Sprachen anders aussieht | C8: (classificationName=linsearch:mapping)lin | D8: gnd:4056449-6 | E8: TRUE | F8: TRUE | G8: YYY | H8: 1 | I8: 0.99999236 | J8: Sprache | K8: Sprache | L8: Sprache | M8: =IF(A8<>A7,M7 + 1, M7) -> 2 | N8: TP | P8: =IF(AND(E8,F8),1,0) -> 1 | Q8: =IF(AND(NOT(E8),F8),1,0) -> 0 | R8: =IF(AND(E8,NOT(F8)),1,0) -> 0 | S8: =IF($N8="FP0", 1, 0) -> 0 | T8: =IF($N8="FP1", 1, 0) -> 0 | U8: =IF($N8="FP2", 1, 0) -> 0 | V8: =IF($N8="FNM", 1, 0) -> 0 | W8: =IF($N8="FNC", 1, 0) -> 0 | X8: =IF($O8="MEU", 1, 0) -> 0 | Y8: =IF($O8="MEA", 1, 0) -> 0
A9: 3A1681233886 | B9: Im Spiegel der Sprache : warum die Welt in anderen Sprachen anders aussieht | C9: (classificationName=linsearch:mapping)lin | D9: gnd:4074250-7 | E9: FALSE | F9: TRUE | G9: III | H9: 1 | I9: 0.9999928 | J9: Linguistik | K9: Linguistik | L9: Linguistik | M9: =IF(A9<>A8,M8 + 1, M8) -> 2 | N9: FP1 | P9: =IF(AND(E9,F9),1,0) -> 0 | Q9: =IF(AND(NOT(E9),F9),1,0) -> 1 | R9: =IF(AND(E9,NOT(F9)),1,0) -> 0 | S9: =IF($N9="FP0", 1, 0) -> 0 | T9: =IF($N9="FP1", 1, 0) -> 1 | U9: =IF($N9="FP2", 1, 0) -> 0 | V9: =IF($N9="FNM", 1, 0) -> 0 | W9: =IF($N9="FNC", 1, 0) -> 0 | X9: =IF($O9="MEU", 1, 0) -> 0 | Y9: =IF($O9="MEA", 1, 0) -> 0
A10: 3A1681233886 | B10: Im Spiegel der Sprache : warum die Welt in anderen Sprachen anders aussieht | C10: (classificationName=linsearch:mapping)lin | D10: gnd:4064317-7 | E10: FALSE | F10: TRUE | G10: NNN | H10: 0.9 | I10: 0.99999029 | J10: Wahrnehmung | K10: Wahrnehmung | L10: Wahrnehmung | M10: =IF(A10<>A9,M9 + 1, M9) -> 2 | N10: FP0 | P10: =IF(AND(E10,F10),1,0) -> 0 | Q10: =IF(AND(NOT(E10),F10),1,0) -> 1 | R10: =IF(AND(E10,NOT(F10)),1,0) -> 0 | S10: =IF($N10="FP0", 1, 0) -> 1 | T10: =IF($N10="FP1", 1, 0) -> 0 | U10: =IF($N10="FP2", 1, 0) -> 0 | V10: =IF($N10="FNM", 1, 0) -> 0 | W10: =IF($N10="FNC", 1, 0) -> 0 | X10: =IF($O10="MEU", 1, 0) -> 0 | Y10: =IF($O10="MEA", 1, 0) -> 0
A11: 3A1681233886 | B11: Im Spiegel der Sprache : warum die Welt in anderen Sprachen anders aussieht | C11: (classificationName=linsearch:mapping)lin | D11: gnd:4125698-0 | E11: TRUE | F11: TRUE | G11: YYY | H11: 0.8 | I11: 0.99999104 | J11: Kultur | K11: Kultur | L11: Kultur | M11: =IF(A11<>A10,M10 + 1, M10) -> 2 | N11: TP | P11: =IF(AND(E11,F11),1,0) -> 1 | Q11: =IF(AND(NOT(E11),F11),1,0) -> 0 | R11: =IF(AND(E11,NOT(F11)),1,0) -> 0 | S11: =IF($N11="FP0", 1, 0) -> 0 | T11: =IF($N11="FP1", 1, 0) -> 0 | U11: =IF($N11="FP2", 1, 0) -> 0 | V11: =IF($N11="FNM", 1, 0) -> 0 | W11: =IF($N11="FNC", 1, 0) -> 0 | X11: =IF($O11="MEU", 1, 0) -> 0 | Y11: =IF($O11="MEA", 1, 0) -> 0
A12: 3A1681233886 | B12: Im Spiegel der Sprache : warum die Welt in anderen Sprachen anders aussieht | C12: (classificationName=linsearch:mapping)lin | D12: gnd:4187739-1 | E12: TRUE | F12: FALSE | J12: Vergleichende Sprachwissenschaft | M12: =IF(A12<>A11,M11 + 1, M11) -> 2 | N12: FNM | P12: =IF(AND(E12,F12),1,0) -> 0 | Q12: =IF(AND(NOT(E12),F12),1,0) -> 0 | R12: =IF(AND(E12,NOT(F12)),1,0) -> 1 | S12: =IF($N12="FP0", 1, 0) -> 0 | T12: =IF($N12="FP1", 1, 0) -> 0 | U12: =IF($N12="FP2", 1, 0) -> 0 | V12: =IF($N12="FNM", 1, 0) -> 1 | W12: =IF($N12="FNC", 1, 0) -> 0 | X12: =IF($O12="MEU", 1, 0) -> 0 | Y12: =IF($O12="MEA", 1, 0) -> 0
A13: 3A1681233886 | B13: Im Spiegel der Sprache : warum die Welt in anderen Sprachen anders aussieht | C13: (classificationName=linsearch:mapping)lin | D13: gnd:4114570-7 | E13: TRUE | F13: FALSE | J13: Mentalität | M13: =IF(A13<>A12,M12 + 1, M12) -> 2 | N13: FNM | P13: =IF(AND(E13,F13),1,0) -> 0 | Q13: =IF(AND(NOT(E13),F13),1,0) -> 0 | R13: =IF(AND(E13,NOT(F13)),1,0) -> 1 | S13: =IF($N13="FP0", 1, 0) -> 0 | T13: =IF($N13="FP1", 1, 0) -> 0 | U13: =IF($N13="FP2", 1, 0) -> 0 | V13: =IF($N13="FNM", 1, 0) -> 1 | W13: =IF($N13="FNC", 1, 0) -> 0 | X13: =IF($O13="MEU", 1, 0) -> 0 | Y13: =IF($O13="MEA", 1, 0) -> 0
A14: 3A1728461472 | B14: Die Syntax des Semikolons : von links ein Punkt – nach rechts ein Komma | C14: (classificationName=linsearch:mapping)lin | D14: gnd:4058779-4 | E14: FALSE | F14: TRUE | G14: YYY | H14: 1 | I14: 0.99998304 | J14: Syntax | K14: Syntax | L14: Syntax | M14: =IF(A14<>A13,M13 + 1, M13) -> 3 | N14: FP2 | P14: =IF(AND(E14,F14),1,0) -> 0 | Q14: =IF(AND(NOT(E14),F14),1,0) -> 1 | R14: =IF(AND(E14,NOT(F14)),1,0) -> 0 | S14: =IF($N14="FP0", 1, 0) -> 0 | T14: =IF($N14="FP1", 1, 0) -> 0 | U14: =IF($N14="FP2", 1, 0) -> 1 | V14: =IF($N14="FNM", 1, 0) -> 0 | W14: =IF($N14="FNC", 1, 0) -> 0 | X14: =IF($O14="MEU", 1, 0) -> 0 | Y14: =IF($O14="MEA", 1, 0) -> 0
A15: 3A1728461472 | B15: Die Syntax des Semikolons : von links ein Punkt – nach rechts ein Komma | C15: (classificationName=linsearch:mapping)lin | D15: gnd:4021806-5 | E15: FALSE | F15: TRUE | G15: N | H15: 0.9 | I15: 0.99999173 | J15: Grammatik | K15: Grammatik | L15: Grammatik | M15: =IF(A15<>A14,M14 + 1, M14) -> 3 | N15: FP0 | P15: =IF(AND(E15,F15),1,0) -> 0 | Q15: =IF(AND(NOT(E15),F15),1,0) -> 1 | R15: =IF(AND(E15,NOT(F15)),1,0) -> 0 | S15: =IF($N15="FP0", 1, 0) -> 1 | T15: =IF($N15="FP1", 1, 0) -> 0 | U15: =IF($N15="FP2", 1, 0) -> 0 | V15: =IF($N15="FNM", 1, 0) -> 0 | W15: =IF($N15="FNC", 1, 0) -> 0 | X15: =IF($O15="MEU", 1, 0) -> 0 | Y15: =IF($O15="MEA", 1, 0) -> 0
A16: 3A1728461472 | B16: Die Syntax des Semikolons : von links ein Punkt – nach rechts ein Komma | C16: (classificationName=linsearch:mapping)lin | D16: gnd:4079477-5 | E16: FALSE | F16: TRUE | G16: YYY | H16: 0.9 | I16: 0.99999161 | J16: Zeichensetzung | K16: Interpunktion | L16: Interpunktion | M16: =IF(A16<>A15,M15 + 1, M15) -> 3 | N16: FP2 | P16: =IF(AND(E16,F16),1,0) -> 0 | Q16: =IF(AND(NOT(E16),F16),1,0) -> 1 | R16: =IF(AND(E16,NOT(F16)),1,0) -> 0 | S16: =IF($N16="FP0", 1, 0) -> 0 | T16: =IF($N16="FP1", 1, 0) -> 0 | U16: =IF($N16="FP2", 1, 0) -> 1 | V16: =IF($N16="FNM", 1, 0) -> 0 | W16: =IF($N16="FNC", 1, 0) -> 0 | X16: =IF($O16="MEU", 1, 0) -> 0 | Y16: =IF($O16="MEA", 1, 0) -> 0
A17: 3A1728461472 | B17: Die Syntax des Semikolons : von links ein Punkt – nach rechts ein Komma | C17: (classificationName=linsearch:mapping)lin | D17: gnd:4113292-0 | E17: FALSE | F17: TRUE | G17: YYY | J17: Deutsch | M17: =IF(A17<>A16,M16 + 1, M16) -> 3 | N17: FP2 | P17: =IF(AND(E17,F17),1,0) -> 0 | Q17: =IF(AND(NOT(E17),F17),1,0) -> 1 | R17: =IF(AND(E17,NOT(F17)),1,0) -> 0 | S17: =IF($N17="FP0", 1, 0) -> 0 | T17: =IF($N17="FP1", 1, 0) -> 0 | U17: =IF($N17="FP2", 1, 0) -> 1 | V17: =IF($N17="FNM", 1, 0) -> 0 | W17: =IF($N17="FNC", 1, 0) -> 0 | X17: =IF($O17="MEU", 1, 0) -> 0 | Y17: =IF($O17="MEA", 1, 0) -> 0
A18: 3A1728461472 | B18: Die Syntax des Semikolons : von links ein Punkt – nach rechts ein Komma | C18: (classificationName=linsearch:mapping)lin | D18: gnd:119227699X | E18: TRUE | F18: FALSE | J18: Semikolon | M18: =IF(A18<>A17,M17 + 1, M17) -> 3 | N18: FNM | P18: =IF(AND(E18,F18),1,0) -> 0 | Q18: =IF(AND(NOT(E18),F18),1,0) -> 0 | R18: =IF(AND(E18,NOT(F18)),1,0) -> 1 | S18: =IF($N18="FP0", 1, 0) -> 0 | T18: =IF($N18="FP1", 1, 0) -> 0 | U18: =IF($N18="FP2", 1, 0) -> 0 | V18: =IF($N18="FNM", 1, 0) -> 1 | W18: =IF($N18="FNC", 1, 0) -> 0 | X18: =IF($O18="MEU", 1, 0) -> 0 | Y18: =IF($O18="MEA", 1, 0) -> 0
A19: 3A1760914371 | B19: An exploration of context updating mechanisms from a cross-linguistic perspective | C19: (classificationName=linsearch:mapping)lin | D19: gnd:4076315-8 | E19: TRUE | F19: TRUE | G19: YYY | H19: 0.9 | I19: 0.99998509 | J19: Pragmatik | K19: Pragmatik | L19: Pragmatik | M19: =IF(A19<>A18,M18 + 1, M18) -> 4 | N19: TP | P19: =IF(AND(E19,F19),1,0) -> 1 | Q19: =IF(AND(NOT(E19),F19),1,0) -> 0 | R19: =IF(AND(E19,NOT(F19)),1,0) -> 0 | S19: =IF($N19="FP0", 1, 0) -> 0 | T19: =IF($N19="FP1", 1, 0) -> 0 | U19: =IF($N19="FP2", 1, 0) -> 0 | V19: =IF($N19="FNM", 1, 0) -> 0 | W19: =IF($N19="FNC", 1, 0) -> 0 | X19: =IF($O19="MEU", 1, 0) -> 0 | Y19: =IF($O19="MEA", 1, 0) -> 0
A20: 3A1760914371 | B20: An exploration of context updating mechanisms from a cross-linguistic perspective | C20: (classificationName=linsearch:mapping)lin | D20: gnd:4187739-1 | E20: TRUE | F20: TRUE | G20: YYY | H20: 0.9 | I20: 0.9999902 | J20: Vergleichende Sprachwissenschaft | K20: Vergleichende Sprachwissenschaft | L20: Vergleichende Sprachwissenschaft | M20: =IF(A20<>A19,M19 + 1, M19) -> 4 | N20: TP | P20: =IF(AND(E20,F20),1,0) -> 1 | Q20: =IF(AND(NOT(E20),F20),1,0) -> 0 | R20: =IF(AND(E20,NOT(F20)),1,0) -> 0 | S20: =IF($N20="FP0", 1, 0) -> 0 | T20: =IF($N20="FP1", 1, 0) -> 0 | U20: =IF($N20="FP2", 1, 0) -> 0 | V20: =IF($N20="FNM", 1, 0) -> 0 | W20: =IF($N20="FNC", 1, 0) -> 0 | X20: =IF($O20="MEU", 1, 0) -> 0 | Y20: =IF($O20="MEA", 1, 0) -> 0
A21: 3A1760914371 | B21: An exploration of context updating mechanisms from a cross-linguistic perspective | C21: (classificationName=linsearch:mapping)lin | D21: gnd:4014777-0 | E21: TRUE | F21: TRUE | G21: YYY | H21: 0.8 | I21: 0.99999132 | J21: Englisch | K21: Englisch | L21: Englisch | M21: =IF(A21<>A20,M20 + 1, M20) -> 4 | N21: TP | P21: =IF(AND(E21,F21),1,0) -> 1 | Q21: =IF(AND(NOT(E21),F21),1,0) -> 0 | R21: =IF(AND(E21,NOT(F21)),1,0) -> 0 | S21: =IF($N21="FP0", 1, 0) -> 0 | T21: =IF($N21="FP1", 1, 0) -> 0 | U21: =IF($N21="FP2", 1, 0) -> 0 | V21: =IF($N21="FNM", 1, 0) -> 0 | W21: =IF($N21="FNC", 1, 0) -> 0 | X21: =IF($O21="MEU", 1, 0) -> 0 | Y21: =IF($O21="MEA", 1, 0) -> 0
A22: 3A1760914371 | B22: An exploration of context updating mechanisms from a cross-linguistic perspective | C22: (classificationName=linsearch:mapping)lin | D22: gnd:4077748-0 | E22: TRUE | F22: TRUE | G22: YYY | H22: 0.8 | I22: 0.99999068 | J22: Sprechakttheorie | K22: Sprechakttheorie | L22: Sprechakttheorie | M22: =IF(A22<>A21,M21 + 1, M21) -> 4 | N22: TP | P22: =IF(AND(E22,F22),1,0) -> 1 | Q22: =IF(AND(NOT(E22),F22),1,0) -> 0 | R22: =IF(AND(E22,NOT(F22)),1,0) -> 0 | S22: =IF($N22="FP0", 1, 0) -> 0 | T22: =IF($N22="FP1", 1, 0) -> 0 | U22: =IF($N22="FP2", 1, 0) -> 0 | V22: =IF($N22="FNM", 1, 0) -> 0 | W22: =IF($N22="FNC", 1, 0) -> 0 | X22: =IF($O22="MEU", 1, 0) -> 0 | Y22: =IF($O22="MEA", 1, 0) -> 0
A23: 3A640863299 | B23: Foreign influences on medieval English : [papers presented at the International conference on foreigen influences on Medieval English held in Warsaw on 12-13 december 2009] | C23: (classificationName=linsearch:mapping)lin | D23: gnd:4039676-9 | E23: TRUE | F23: TRUE | G23: YYY | H23: 1 | I23: 0.99998846 | J23: Mittelenglisch | K23: Mittelenglisch | L23: Mittelenglisch | M23: =IF(A23<>A22,M22 + 1, M22) -> 5 | N23: TP | P23: =IF(AND(E23,F23),1,0) -> 1 | Q23: =IF(AND(NOT(E23),F23),1,0) -> 0 | R23: =IF(AND(E23,NOT(F23)),1,0) -> 0 | S23: =IF($N23="FP0", 1, 0) -> 0 | T23: =IF($N23="FP1", 1, 0) -> 0 | U23: =IF($N23="FP2", 1, 0) -> 0 | V23: =IF($N23="FNM", 1, 0) -> 0 | W23: =IF($N23="FNC", 1, 0) -> 0 | X23: =IF($O23="MEU", 1, 0) -> 0 | Y23: =IF($O23="MEA", 1, 0) -> 0
A24: 3A640863299 | B24: Foreign influences on medieval English : [papers presented at the International conference on foreigen influences on Medieval English held in Warsaw on 12-13 december 2009] | C24: (classificationName=linsearch:mapping)lin | D24: gnd:4071461-5 | E24: FALSE | F24: TRUE | G24: N | H24: 0.2 | I24: 0.8960248 | J24: Fremdsprachenlernen | K24: Fremdsprachenlernen | L24: Fremdsprachen | M24: =IF(A24<>A23,M23 + 1, M23) -> 5 | N24: FP0 | O24: MEA | P24: =IF(AND(E24,F24),1,0) -> 0 | Q24: =IF(AND(NOT(E24),F24),1,0) -> 1 | R24: =IF(AND(E24,NOT(F24)),1,0) -> 0 | S24: =IF($N24="FP0", 1, 0) -> 1 | T24: =IF($N24="FP1", 1, 0) -> 0 | U24: =IF($N24="FP2", 1, 0) -> 0 | V24: =IF($N24="FNM", 1, 0) -> 0 | W24: =IF($N24="FNC", 1, 0) -> 0 | X24: =IF($O24="MEU", 1, 0) -> 0 | Y24: =IF($O24="MEA", 1, 0) -> 1
A25: 3A640863299 | B25: Foreign influences on medieval English : [papers presented at the International conference on foreigen influences on Medieval English held in Warsaw on 12-13 december 2009] | C25: (classificationName=linsearch:mapping)lin | D25: gnd:4002009-5 | E25: FALSE | F25: TRUE | G25: N | H25: 0.2 | I25: 0.99999032 | J25: Angelsachsen | K25: Angelsachsen | L25: Angelsachsen | M25: =IF(A25<>A24,M24 + 1, M24) -> 5 | N25: FP0 | P25: =IF(AND(E25,F25),1,0) -> 0 | Q25: =IF(AND(NOT(E25),F25),1,0) -> 1 | R25: =IF(AND(E25,NOT(F25)),1,0) -> 0 | S25: =IF($N25="FP0", 1, 0) -> 1 | T25: =IF($N25="FP1", 1, 0) -> 0 | U25: =IF($N25="FP2", 1, 0) -> 0 | V25: =IF($N25="FNM", 1, 0) -> 0 | W25: =IF($N25="FNC", 1, 0) -> 0 | X25: =IF($O25="MEU", 1, 0) -> 0 | Y25: =IF($O25="MEA", 1, 0) -> 0
A26: 3A640863299 | B26: Foreign influences on medieval English : [papers presented at the International conference on foreigen influences on Medieval English held in Warsaw on 12-13 december 2009] | C26: (classificationName=linsearch:mapping)lin | D26: gnd:4035076-9 | E26: TRUE | F26: FALSE | J26: Lehnwort | M26: =IF(A26<>A25,M25 + 1, M25) -> 5 | N26: FNM | P26: =IF(AND(E26,F26),1,0) -> 0 | Q26: =IF(AND(NOT(E26),F26),1,0) -> 0 | R26: =IF(AND(E26,NOT(F26)),1,0) -> 1 | S26: =IF($N26="FP0", 1, 0) -> 0 | T26: =IF($N26="FP1", 1, 0) -> 0 | U26: =IF($N26="FP2", 1, 0) -> 0 | V26: =IF($N26="FNM", 1, 0) -> 1 | W26: =IF($N26="FNC", 1, 0) -> 0 | X26: =IF($O26="MEU", 1, 0) -> 0 | Y26: =IF($O26="MEA", 1, 0) -> 0
A27: 3A785204539 | B27: Der Wortschatz der Ebla-Texte : morphologische und lexikalische Analyse | C27: (classificationName=linsearch:mapping)lin | D27: gnd:4035549-4 | E27: FALSE | F27: TRUE | G27: N | H27: 1 | I27: 0.99999195 | J27: Lexikon | K27: Lexikon | L27: Lexikon | M27: =IF(A27<>A26,M26 + 1, M26) -> 6 | N27: FP0 | P27: =IF(AND(E27,F27),1,0) -> 0 | Q27: =IF(AND(NOT(E27),F27),1,0) -> 1 | R27: =IF(AND(E27,NOT(F27)),1,0) -> 0 | S27: =IF($N27="FP0", 1, 0) -> 1 | T27: =IF($N27="FP1", 1, 0) -> 0 | U27: =IF($N27="FP2", 1, 0) -> 0 | V27: =IF($N27="FNM", 1, 0) -> 0 | W27: =IF($N27="FNC", 1, 0) -> 0 | X27: =IF($O27="MEU", 1, 0) -> 0 | Y27: =IF($O27="MEA", 1, 0) -> 0
A28: 3A785204539 | B28: Der Wortschatz der Ebla-Texte : morphologische und lexikalische Analyse | C28: (classificationName=linsearch:mapping)lin | D28: gnd:4056449-6 | E28: FALSE | F28: TRUE | G28: III | H28: 1 | I28: 0.99999236 | J28: Sprache | K28: Sprache | L28: Sprache | M28: =IF(A28<>A27,M27 + 1, M27) -> 6 | N28: FP1 | P28: =IF(AND(E28,F28),1,0) -> 0 | Q28: =IF(AND(NOT(E28),F28),1,0) -> 1 | R28: =IF(AND(E28,NOT(F28)),1,0) -> 0 | S28: =IF($N28="FP0", 1, 0) -> 0 | T28: =IF($N28="FP1", 1, 0) -> 1 | U28: =IF($N28="FP2", 1, 0) -> 0 | V28: =IF($N28="FNM", 1, 0) -> 0 | W28: =IF($N28="FNC", 1, 0) -> 0 | X28: =IF($O28="MEU", 1, 0) -> 0 | Y28: =IF($O28="MEA", 1, 0) -> 0
A29: 3A785204539 | B29: Der Wortschatz der Ebla-Texte : morphologische und lexikalische Analyse | C29: (classificationName=linsearch:mapping)lin | D29: gnd:4220613-3 | E29: TRUE | F29: FALSE | J29: Eblaitisch | M29: =IF(A29<>A28,M28 + 1, M28) -> 6 | N29: FNM | P29: =IF(AND(E29,F29),1,0) -> 0 | Q29: =IF(AND(NOT(E29),F29),1,0) -> 0 | R29: =IF(AND(E29,NOT(F29)),1,0) -> 1 | S29: =IF($N29="FP0", 1, 0) -> 0 | T29: =IF($N29="FP1", 1, 0) -> 0 | U29: =IF($N29="FP2", 1, 0) -> 0 | V29: =IF($N29="FNM", 1, 0) -> 1 | W29: =IF($N29="FNC", 1, 0) -> 0 | X29: =IF($O29="MEU", 1, 0) -> 0 | Y29: =IF($O29="MEA", 1, 0) -> 0
A30: 3A785204539 | B30: Der Wortschatz der Ebla-Texte : morphologische und lexikalische Analyse | C30: (classificationName=linsearch:mapping)lin | D30: gnd:4126555-5 | E30: TRUE | F30: FALSE | J30: Wortschatz | M30: =IF(A30<>A29,M29 + 1, M29) -> 6 | N30: FNM | P30: =IF(AND(E30,F30),1,0) -> 0 | Q30: =IF(AND(NOT(E30),F30),1,0) -> 0 | R30: =IF(AND(E30,NOT(F30)),1,0) -> 1 | S30: =IF($N30="FP0", 1, 0) -> 0 | T30: =IF($N30="FP1", 1, 0) -> 0 | U30: =IF($N30="FP2", 1, 0) -> 0 | V30: =IF($N30="FNM", 1, 0) -> 1 | W30: =IF($N30="FNC", 1, 0) -> 0 | X30: =IF($O30="MEU", 1, 0) -> 0 | Y30: =IF($O30="MEA", 1, 0) -> 0
A31: 3A785204539 | B31: Der Wortschatz der Ebla-Texte : morphologische und lexikalische Analyse | C31: (classificationName=linsearch:mapping)lin | D31: gnd:4040289-7 | E31: TRUE | F31: FALSE | J31: Morphologie | M31: =IF(A31<>A30,M30 + 1, M30) -> 6 | N31: FNM | P31: =IF(AND(E31,F31),1,0) -> 0 | Q31: =IF(AND(NOT(E31),F31),1,0) -> 0 | R31: =IF(AND(E31,NOT(F31)),1,0) -> 1 | S31: =IF($N31="FP0", 1, 0) -> 0 | T31: =IF($N31="FP1", 1, 0) -> 0 | U31: =IF($N31="FP2", 1, 0) -> 0 | V31: =IF($N31="FNM", 1, 0) -> 1 | W31: =IF($N31="FNC", 1, 0) -> 0 | X31: =IF($O31="MEU", 1, 0) -> 0 | Y31: =IF($O31="MEA", 1, 0) -> 0
A32: 3A792504461 | B32: Structural and sociolinguistic perspectives on indigenisation : on multilingualism and language evolution | C32: (classificationName=linsearch:mapping)lin | D32: gnd:4038403-2 | E32: TRUE | F32: TRUE | G32: YYY | H32: 0.9 | I32: 0.99999143 | J32: Mehrsprachigkeit | K32: Mehrsprachigkeit | L32: Mehrsprachigkeit | M32: =IF(A32<>A31,M31 + 1, M31) -> 7 | N32: TP | P32: =IF(AND(E32,F32),1,0) -> 1 | Q32: =IF(AND(NOT(E32),F32),1,0) -> 0 | R32: =IF(AND(E32,NOT(F32)),1,0) -> 0 | S32: =IF($N32="FP0", 1, 0) -> 0 | T32: =IF($N32="FP1", 1, 0) -> 0 | U32: =IF($N32="FP2", 1, 0) -> 0 | V32: =IF($N32="FNM", 1, 0) -> 0 | W32: =IF($N32="FNC", 1, 0) -> 0 | X32: =IF($O32="MEU", 1, 0) -> 0 | Y32: =IF($O32="MEA", 1, 0) -> 0
A33: 3A792504461 | B33: Structural and sociolinguistic perspectives on indigenisation : on multilingualism and language evolution | C33: (classificationName=linsearch:mapping)lin | D33: gnd:4073624-6 | E33: FALSE | F33: TRUE | G33: III | H33: 0.9 | I33: 0.99998915 | J33: Kolonialismus | K33: Kolonialismus | L33: Kolonialismus | M33: =IF(A33<>A32,M32 + 1, M32) -> 7 | N33: FP1 | P33: =IF(AND(E33,F33),1,0) -> 0 | Q33: =IF(AND(NOT(E33),F33),1,0) -> 1 | R33: =IF(AND(E33,NOT(F33)),1,0) -> 0 | S33: =IF($N33="FP0", 1, 0) -> 0 | T33: =IF($N33="FP1", 1, 0) -> 1 | U33: =IF($N33="FP2", 1, 0) -> 0 | V33: =IF($N33="FNM", 1, 0) -> 0 | W33: =IF($N33="FNC", 1, 0) -> 0 | X33: =IF($O33="MEU", 1, 0) -> 0 | Y33: =IF($O33="MEA", 1, 0) -> 0
A34: 3A792504461 | B34: Structural and sociolinguistic perspectives on indigenisation : on multilingualism and language evolution | C34: (classificationName=linsearch:mapping)lin | D34: gnd:4056508-7 | E34: FALSE | F34: TRUE | G34: III | H34: 0.9 | I34: 0.99999147 | J34: Sprachwandel | K34: Sprachwandel | L34: Sprachwandel | M34: =IF(A34<>A33,M33 + 1, M33) -> 7 | N34: FP1 | P34: =IF(AND(E34,F34),1,0) -> 0 | Q34: =IF(AND(NOT(E34),F34),1,0) -> 1 | R34: =IF(AND(E34,NOT(F34)),1,0) -> 0 | S34: =IF($N34="FP0", 1, 0) -> 0 | T34: =IF($N34="FP1", 1, 0) -> 1 | U34: =IF($N34="FP2", 1, 0) -> 0 | V34: =IF($N34="FNM", 1, 0) -> 0 | W34: =IF($N34="FNC", 1, 0) -> 0 | X34: =IF($O34="MEU", 1, 0) -> 0 | Y34: =IF($O34="MEA", 1, 0) -> 0
A35: 3A792504461 | B35: Structural and sociolinguistic perspectives on indigenisation : on multilingualism and language evolution | C35: (classificationName=linsearch:mapping)lin | D35: gnd:4127662-0 | E35: FALSE | F35: TRUE | G35: NNN | H35: 0.8 | I35: 0.78971162 | J35: Indigenismus | K35: Indigenismus | L35: Indigenisierung | M35: =IF(A35<>A34,M34 + 1, M34) -> 7 | N35: FP0 | O35: MEU | P35: =IF(AND(E35,F35),1,0) -> 0 | Q35: =IF(AND(NOT(E35),F35),1,0) -> 1 | R35: =IF(AND(E35,NOT(F35)),1,0) -> 0 | S35: =IF($N35="FP0", 1, 0) -> 1 | T35: =IF($N35="FP1", 1, 0) -> 0 | U35: =IF($N35="FP2", 1, 0) -> 0 | V35: =IF($N35="FNM", 1, 0) -> 0 | W35: =IF($N35="FNC", 1, 0) -> 0 | X35: =IF($O35="MEU", 1, 0) -> 1 | Y35: =IF($O35="MEA", 1, 0) -> 0
A36: 3A792504461 | B36: Structural and sociolinguistic perspectives on indigenisation : on multilingualism and language evolution | C36: (classificationName=linsearch:mapping)lin | D36: gnd:4014777-0 | E36: TRUE | F36: FALSE | J36: Englisch | M36: =IF(A36<>A35,M35 + 1, M35) -> 7 | N36: FNM | P36: =IF(AND(E36,F36),1,0) -> 0 | Q36: =IF(AND(NOT(E36),F36),1,0) -> 0 | R36: =IF(AND(E36,NOT(F36)),1,0) -> 1 | S36: =IF($N36="FP0", 1, 0) -> 0 | T36: =IF($N36="FP1", 1, 0) -> 0 | U36: =IF($N36="FP2", 1, 0) -> 0 | V36: =IF($N36="FNM", 1, 0) -> 1 | W36: =IF($N36="FNC", 1, 0) -> 0 | X36: =IF($O36="MEU", 1, 0) -> 0 | Y36: =IF($O36="MEA", 1, 0) -> 0
A37: 3A792504461 | B37: Structural and sociolinguistic perspectives on indigenisation : on multilingualism and language evolution | C37: (classificationName=linsearch:mapping)lin | D37: gnd:4113615-9 | E37: TRUE | F37: FALSE | J37: Französisch | M37: =IF(A37<>A36,M36 + 1, M36) -> 7 | N37: FNM | P37: =IF(AND(E37,F37),1,0) -> 0 | Q37: =IF(AND(NOT(E37),F37),1,0) -> 0 | R37: =IF(AND(E37,NOT(F37)),1,0) -> 1 | S37: =IF($N37="FP0", 1, 0) -> 0 | T37: =IF($N37="FP1", 1, 0) -> 0 | U37: =IF($N37="FP2", 1, 0) -> 0 | V37: =IF($N37="FNM", 1, 0) -> 1 | W37: =IF($N37="FNC", 1, 0) -> 0 | X37: =IF($O37="MEU", 1, 0) -> 0 | Y37: =IF($O37="MEA", 1, 0) -> 0
A38: 3A828081131 | B38: The function and use of TO and OF in multi-word units | C38: (classificationName=linsearch:mapping)lin | D38: gnd:4014777-0 | E38: TRUE | F38: TRUE | G38: YYY | H38: 0.9 | I38: 0.99999132 | J38: Englisch | K38: Englisch | L38: Englisch | M38: =IF(A38<>A37,M37 + 1, M37) -> 8 | N38: TP | P38: =IF(AND(E38,F38),1,0) -> 1 | Q38: =IF(AND(NOT(E38),F38),1,0) -> 0 | R38: =IF(AND(E38,NOT(F38)),1,0) -> 0 | S38: =IF($N38="FP0", 1, 0) -> 0 | T38: =IF($N38="FP1", 1, 0) -> 0 | U38: =IF($N38="FP2", 1, 0) -> 0 | V38: =IF($N38="FNM", 1, 0) -> 0 | W38: =IF($N38="FNC", 1, 0) -> 0 | X38: =IF($O38="MEU", 1, 0) -> 0 | Y38: =IF($O38="MEA", 1, 0) -> 0
A39: 3A828081131 | B39: The function and use of TO and OF in multi-word units | C39: (classificationName=linsearch:mapping)lin | D39: gnd:4165338-5 | E39: FALSE | F39: TRUE | G39: YYY | H39: 0.9 | I39: 0.99998736 | J39: Korpus Linguistik | K39: Korpus (Linguistik) | L39: Korpus (Linguistik) | M39: =IF(A39<>A38,M38 + 1, M38) -> 8 | N39: FP2 | P39: =IF(AND(E39,F39),1,0) -> 0 | Q39: =IF(AND(NOT(E39),F39),1,0) -> 1 | R39: =IF(AND(E39,NOT(F39)),1,0) -> 0 | S39: =IF($N39="FP0", 1, 0) -> 0 | T39: =IF($N39="FP1", 1, 0) -> 0 | U39: =IF($N39="FP2", 1, 0) -> 1 | V39: =IF($N39="FNM", 1, 0) -> 0 | W39: =IF($N39="FNC", 1, 0) -> 0 | X39: =IF($O39="MEU", 1, 0) -> 0 | Y39: =IF($O39="MEA", 1, 0) -> 0
A40: 3A828081131 | B40: The function and use of TO and OF in multi-word units | C40: (classificationName=linsearch:mapping)lin | D40: gnd:4047008-8 | E40: TRUE | F40: TRUE | G40: YYY | H40: 0.8 | I40: 0.96427577 | J40: Präposition | K40: Präposition | L40: Preposition | M40: =IF(A40<>A39,M39 + 1, M39) -> 8 | N40: TP | P40: =IF(AND(E40,F40),1,0) -> 1 | Q40: =IF(AND(NOT(E40),F40),1,0) -> 0 | R40: =IF(AND(E40,NOT(F40)),1,0) -> 0 | S40: =IF($N40="FP0", 1, 0) -> 0 | T40: =IF($N40="FP1", 1, 0) -> 0 | U40: =IF($N40="FP2", 1, 0) -> 0 | V40: =IF($N40="FNM", 1, 0) -> 0 | W40: =IF($N40="FNC", 1, 0) -> 0 | X40: =IF($O40="MEU", 1, 0) -> 0 | Y40: =IF($O40="MEA", 1, 0) -> 0
A41: 3A830149120 | B41: Topic Drop and Null Subjects in German | C41: (classificationName=linsearch:mapping)lin | D41: gnd:4058779-4 | E41: FALSE | F41: TRUE | G41: N | J41: Syntax | M41: =IF(A41<>A40,M40 + 1, M40) -> 9 | N41: FP0 | P41: =IF(AND(E41,F41),1,0) -> 0 | Q41: =IF(AND(NOT(E41),F41),1,0) -> 1 | R41: =IF(AND(E41,NOT(F41)),1,0) -> 0 | S41: =IF($N41="FP0", 1, 0) -> 1 | T41: =IF($N41="FP1", 1, 0) -> 0 | U41: =IF($N41="FP2", 1, 0) -> 0 | V41: =IF($N41="FNM", 1, 0) -> 0 | W41: =IF($N41="FNC", 1, 0) -> 0 | X41: =IF($O41="MEU", 1, 0) -> 0 | Y41: =IF($O41="MEA", 1, 0) -> 0
A42: 3A830149120 | B42: Topic Drop and Null Subjects in German | C42: (classificationName=linsearch:mapping)lin | D42: gnd:4390839-1 | E42: TRUE | F42: TRUE | G42: YYY | H42: 0.9 | I42: 0.93463404 | J42: Pro-Drop-Parameter | K42: Null-Subjekt | L42: Nullsubjekt | M42: =IF(A42<>A41,M41 + 1, M41) -> 9 | N42: TP | P42: =IF(AND(E42,F42),1,0) -> 1 | Q42: =IF(AND(NOT(E42),F42),1,0) -> 0 | R42: =IF(AND(E42,NOT(F42)),1,0) -> 0 | S42: =IF($N42="FP0", 1, 0) -> 0 | T42: =IF($N42="FP1", 1, 0) -> 0 | U42: =IF($N42="FP2", 1, 0) -> 0 | V42: =IF($N42="FNM", 1, 0) -> 0 | W42: =IF($N42="FNC", 1, 0) -> 0 | X42: =IF($O42="MEU", 1, 0) -> 0 | Y42: =IF($O42="MEA", 1, 0) -> 0
A43: 3A830149120 | B43: Topic Drop and Null Subjects in German | C43: (classificationName=linsearch:mapping)lin | D43: gnd:4113716-4 | E43: FALSE | F43: TRUE | G43: N | J43: Germanische Sprachen | M43: =IF(A43<>A42,M42 + 1, M42) -> 9 | N43: FP0 | P43: =IF(AND(E43,F43),1,0) -> 0 | Q43: =IF(AND(NOT(E43),F43),1,0) -> 1 | R43: =IF(AND(E43,NOT(F43)),1,0) -> 0 | S43: =IF($N43="FP0", 1, 0) -> 1 | T43: =IF($N43="FP1", 1, 0) -> 0 | U43: =IF($N43="FP2", 1, 0) -> 0 | V43: =IF($N43="FNM", 1, 0) -> 0 | W43: =IF($N43="FNC", 1, 0) -> 0 | X43: =IF($O43="MEU", 1, 0) -> 0 | Y43: =IF($O43="MEA", 1, 0) -> 0
A44: 3A830149120 | B44: Topic Drop and Null Subjects in German | C44: (classificationName=linsearch:mapping)lin | D44: gnd:4185707-0 | E44: FALSE | F44: TRUE | G44: N | J44: Topik | M44: =IF(A44<>A43,M43 + 1, M43) -> 9 | N44: FP0 | P44: =IF(AND(E44,F44),1,0) -> 0 | Q44: =IF(AND(NOT(E44),F44),1,0) -> 1 | R44: =IF(AND(E44,NOT(F44)),1,0) -> 0 | S44: =IF($N44="FP0", 1, 0) -> 1 | T44: =IF($N44="FP1", 1, 0) -> 0 | U44: =IF($N44="FP2", 1, 0) -> 0 | V44: =IF($N44="FNM", 1, 0) -> 0 | W44: =IF($N44="FNC", 1, 0) -> 0 | X44: =IF($O44="MEU", 1, 0) -> 0 | Y44: =IF($O44="MEA", 1, 0) -> 0
A45: 3A830149120 | B45: Topic Drop and Null Subjects in German | C45: (classificationName=linsearch:mapping)lin | D45: gnd:4183909-2 | E45: TRUE | F45: FALSE | J45: Subjektloser Satz | M45: =IF(A45<>A44,M44 + 1, M44) -> 9 | N45: FNC | P45: =IF(AND(E45,F45),1,0) -> 0 | Q45: =IF(AND(NOT(E45),F45),1,0) -> 0 | R45: =IF(AND(E45,NOT(F45)),1,0) -> 1 | S45: =IF($N45="FP0", 1, 0) -> 0 | T45: =IF($N45="FP1", 1, 0) -> 0 | U45: =IF($N45="FP2", 1, 0) -> 0 | V45: =IF($N45="FNM", 1, 0) -> 0 | W45: =IF($N45="FNC", 1, 0) -> 1 | X45: =IF($O45="MEU", 1, 0) -> 0 | Y45: =IF($O45="MEA", 1, 0) -> 0
A46: 3A830149120 | B46: Topic Drop and Null Subjects in German | C46: (classificationName=linsearch:mapping)lin | D46: gnd:4070299-6 | E46: TRUE | F46: FALSE | J46: Dependenzgrammatik | M46: =IF(A46<>A45,M45 + 1, M45) -> 9 | N46: FNM | P46: =IF(AND(E46,F46),1,0) -> 0 | Q46: =IF(AND(NOT(E46),F46),1,0) -> 0 | R46: =IF(AND(E46,NOT(F46)),1,0) -> 1 | S46: =IF($N46="FP0", 1, 0) -> 0 | T46: =IF($N46="FP1", 1, 0) -> 0 | U46: =IF($N46="FP2", 1, 0) -> 0 | V46: =IF($N46="FNM", 1, 0) -> 1 | W46: =IF($N46="FNC", 1, 0) -> 0 | X46: =IF($O46="MEU", 1, 0) -> 0 | Y46: =IF($O46="MEA", 1, 0) -> 0
A47: 3A830149120 | B47: Topic Drop and Null Subjects in German | C47: (classificationName=linsearch:mapping)lin | D47: gnd:4113292-0 | E47: TRUE | F47: FALSE | J47: Deutsch | M47: =IF(A47<>A46,M46 + 1, M46) -> 9 | N47: FNM | P47: =IF(AND(E47,F47),1,0) -> 0 | Q47: =IF(AND(NOT(E47),F47),1,0) -> 0 | R47: =IF(AND(E47,NOT(F47)),1,0) -> 1 | S47: =IF($N47="FP0", 1, 0) -> 0 | T47: =IF($N47="FP1", 1, 0) -> 0 | U47: =IF($N47="FP2", 1, 0) -> 0 | V47: =IF($N47="FNM", 1, 0) -> 1 | W47: =IF($N47="FNC", 1, 0) -> 0 | X47: =IF($O47="MEU", 1, 0) -> 0 | Y47: =IF($O47="MEA", 1, 0) -> 0
A48: 3A831859067 | B48: Sprachwissenschaft im Fokus : Positionsbestimmungen und Perspektiven ; [50. Jahrestagung des Instituts für Deutsche Sprache, Mannheim 11. - 13. März 2014] | C48: (classificationName=linsearch:mapping)lin | D48: gnd:4074250-7 | E48: FALSE | F48: TRUE | G48: YYY | H48: 1 | I48: 0.9999928 | J48: Linguistik | K48: Linguistik | L48: Linguistik | M48: =IF(A48<>A47,M47 + 1, M47) -> 10 | N48: FP2 | P48: =IF(AND(E48,F48),1,0) -> 0 | Q48: =IF(AND(NOT(E48),F48),1,0) -> 1 | R48: =IF(AND(E48,NOT(F48)),1,0) -> 0 | S48: =IF($N48="FP0", 1, 0) -> 0 | T48: =IF($N48="FP1", 1, 0) -> 0 | U48: =IF($N48="FP2", 1, 0) -> 1 | V48: =IF($N48="FNM", 1, 0) -> 0 | W48: =IF($N48="FNC", 1, 0) -> 0 | X48: =IF($O48="MEU", 1, 0) -> 0 | Y48: =IF($O48="MEA", 1, 0) -> 0
A49: 3A831859067 | B49: Sprachwissenschaft im Fokus : Positionsbestimmungen und Perspektiven ; [50. Jahrestagung des Instituts für Deutsche Sprache, Mannheim 11. - 13. März 2014] | C49: (classificationName=linsearch:mapping)lin | D49: gnd:4035548-2 | E49: FALSE | F49: TRUE | G49: I | H49: 0.9 | I49: 0.99998784 | J49: Lexikografie | K49: Lexikografie | L49: Lexikografie | M49: =IF(A49<>A48,M48 + 1, M48) -> 10 | N49: FP1 | P49: =IF(AND(E49,F49),1,0) -> 0 | Q49: =IF(AND(NOT(E49),F49),1,0) -> 1 | R49: =IF(AND(E49,NOT(F49)),1,0) -> 0 | S49: =IF($N49="FP0", 1, 0) -> 0 | T49: =IF($N49="FP1", 1, 0) -> 1 | U49: =IF($N49="FP2", 1, 0) -> 0 | V49: =IF($N49="FNM", 1, 0) -> 0 | W49: =IF($N49="FNC", 1, 0) -> 0 | X49: =IF($O49="MEU", 1, 0) -> 0 | Y49: =IF($O49="MEA", 1, 0) -> 0
A50: 3A831859067 | B50: Sprachwissenschaft im Fokus : Positionsbestimmungen und Perspektiven ; [50. Jahrestagung des Instituts für Deutsche Sprache, Mannheim 11. - 13. März 2014] | C50: (classificationName=linsearch:mapping)lin | D50: gnd:4114409-0 | E50: FALSE | F50: TRUE | G50: I | H50: 0.9 | I50: 0.999992 | J50: Lexikologie | K50: Lexikologie | L50: Lexikologie | M50: =IF(A50<>A49,M49 + 1, M49) -> 10 | N50: FP1 | P50: =IF(AND(E50,F50),1,0) -> 0 | Q50: =IF(AND(NOT(E50),F50),1,0) -> 1 | R50: =IF(AND(E50,NOT(F50)),1,0) -> 0 | S50: =IF($N50="FP0", 1, 0) -> 0 | T50: =IF($N50="FP1", 1, 0) -> 1 | U50: =IF($N50="FP2", 1, 0) -> 0 | V50: =IF($N50="FNM", 1, 0) -> 0 | W50: =IF($N50="FNC", 1, 0) -> 0 | X50: =IF($O50="MEU", 1, 0) -> 0 | Y50: =IF($O50="MEA", 1, 0) -> 0
A51: 3A831859067 | B51: Sprachwissenschaft im Fokus : Positionsbestimmungen und Perspektiven ; [50. Jahrestagung des Instituts für Deutsche Sprache, Mannheim 11. - 13. März 2014] | C51: (classificationName=linsearch:mapping)lin | D51: gnd:4165338-5 | E51: FALSE | F51: TRUE | G51: N | H51: 0.9 | I51: 0.99999162 | J51: Korpus Linguistik | K51: Korpuslinguistik | L51: Korpuslinguistik | M51: =IF(A51<>A50,M50 + 1, M50) -> 10 | N51: FP0 | P51: =IF(AND(E51,F51),1,0) -> 0 | Q51: =IF(AND(NOT(E51),F51),1,0) -> 1 | R51: =IF(AND(E51,NOT(F51)),1,0) -> 0 | S51: =IF($N51="FP0", 1, 0) -> 1 | T51: =IF($N51="FP1", 1, 0) -> 0 | U51: =IF($N51="FP2", 1, 0) -> 0 | V51: =IF($N51="FNM", 1, 0) -> 0 | W51: =IF($N51="FNC", 1, 0) -> 0 | X51: =IF($O51="MEU", 1, 0) -> 0 | Y51: =IF($O51="MEA", 1, 0) -> 0
A52: 3A831859067 | B52: Sprachwissenschaft im Fokus : Positionsbestimmungen und Perspektiven ; [50. Jahrestagung des Instituts für Deutsche Sprache, Mannheim 11. - 13. März 2014] | C52: (classificationName=linsearch:mapping)lin | D52: gnd:4021806-5 | E52: FALSE | F52: TRUE | G52: I | H52: 0.9 | I52: 0.99999173 | J52: Grammatik | K52: Grammatik | L52: Grammatik | M52: =IF(A52<>A51,M51 + 1, M51) -> 10 | N52: FP1 | P52: =IF(AND(E52,F52),1,0) -> 0 | Q52: =IF(AND(NOT(E52),F52),1,0) -> 1 | R52: =IF(AND(E52,NOT(F52)),1,0) -> 0 | S52: =IF($N52="FP0", 1, 0) -> 0 | T52: =IF($N52="FP1", 1, 0) -> 1 | U52: =IF($N52="FP2", 1, 0) -> 0 | V52: =IF($N52="FNM", 1, 0) -> 0 | W52: =IF($N52="FNC", 1, 0) -> 0 | X52: =IF($O52="MEU", 1, 0) -> 0 | Y52: =IF($O52="MEA", 1, 0) -> 0
A53: 3A831859067 | B53: Sprachwissenschaft im Fokus : Positionsbestimmungen und Perspektiven ; [50. Jahrestagung des Instituts für Deutsche Sprache, Mannheim 11. - 13. März 2014] | C53: (classificationName=linsearch:mapping)lin | D53: gnd:4191506-9 | E53: FALSE | F53: TRUE | G53: N | H53: 0.8 | I53: 0.99999049 | J53: Sprachgebrauch | K53: Sprachgebrauch | L53: Sprachgebrauch | M53: =IF(A53<>A52,M52 + 1, M52) -> 10 | N53: FP0 | P53: =IF(AND(E53,F53),1,0) -> 0 | Q53: =IF(AND(NOT(E53),F53),1,0) -> 1 | R53: =IF(AND(E53,NOT(F53)),1,0) -> 0 | S53: =IF($N53="FP0", 1, 0) -> 1 | T53: =IF($N53="FP1", 1, 0) -> 0 | U53: =IF($N53="FP2", 1, 0) -> 0 | V53: =IF($N53="FNM", 1, 0) -> 0 | W53: =IF($N53="FNC", 1, 0) -> 0 | X53: =IF($O53="MEU", 1, 0) -> 0 | Y53: =IF($O53="MEA", 1, 0) -> 0
A54: 3A831859067 | B54: Sprachwissenschaft im Fokus : Positionsbestimmungen und Perspektiven ; [50. Jahrestagung des Instituts für Deutsche Sprache, Mannheim 11. - 13. März 2014] | C54: (classificationName=linsearch:mapping)lin | D54: gnd:4113292-0 | E54: TRUE | F54: FALSE | J54: Deutsch | M54: =IF(A54<>A53,M53 + 1, M53) -> 10 | N54: FNM | P54: =IF(AND(E54,F54),1,0) -> 0 | Q54: =IF(AND(NOT(E54),F54),1,0) -> 0 | R54: =IF(AND(E54,NOT(F54)),1,0) -> 1 | S54: =IF($N54="FP0", 1, 0) -> 0 | T54: =IF($N54="FP1", 1, 0) -> 0 | U54: =IF($N54="FP2", 1, 0) -> 0 | V54: =IF($N54="FNM", 1, 0) -> 1 | W54: =IF($N54="FNC", 1, 0) -> 0 | X54: =IF($O54="MEU", 1, 0) -> 0 | Y54: =IF($O54="MEA", 1, 0) -> 0
A55: 3A1013196589 | B55: Poetologische Lyrik der Frühaufklärung : Gattungsfragen, Diskurse, Genderaspekte | C55: (classificationName=linsearch:mapping)lit | D55: gnd:4036774-5 | E55: FALSE | F55: TRUE | G55: III | H55: 1 | I55: 0.99999088 | J55: Lyrik | K55: Lyrik | L55: Lyrik | M55: =IF(A55<>A54,M54 + 1, M54) -> 11 | N55: FP1 | P55: =IF(AND(E55,F55),1,0) -> 0 | Q55: =IF(AND(NOT(E55),F55),1,0) -> 1 | R55: =IF(AND(E55,NOT(F55)),1,0) -> 0 | S55: =IF($N55="FP0", 1, 0) -> 0 | T55: =IF($N55="FP1", 1, 0) -> 1 | U55: =IF($N55="FP2", 1, 0) -> 0 | V55: =IF($N55="FNM", 1, 0) -> 0 | W55: =IF($N55="FNC", 1, 0) -> 0 | X55: =IF($O55="MEU", 1, 0) -> 0 | Y55: =IF($O55="MEA", 1, 0) -> 0
A56: 3A1013196589 | B56: Poetologische Lyrik der Frühaufklärung : Gattungsfragen, Diskurse, Genderaspekte | C56: (classificationName=linsearch:mapping)lit | D56: gnd:4046449-0 | E56: FALSE | F56: TRUE | G56: N | H56: 1 | I56: 0.99998819 | J56: Poetik | K56: Poetik | L56: Poetik | M56: =IF(A56<>A55,M55 + 1, M55) -> 11 | N56: FP0 | P56: =IF(AND(E56,F56),1,0) -> 0 | Q56: =IF(AND(NOT(E56),F56),1,0) -> 1 | R56: =IF(AND(E56,NOT(F56)),1,0) -> 0 | S56: =IF($N56="FP0", 1, 0) -> 1 | T56: =IF($N56="FP1", 1, 0) -> 0 | U56: =IF($N56="FP2", 1, 0) -> 0 | V56: =IF($N56="FNM", 1, 0) -> 0 | W56: =IF($N56="FNC", 1, 0) -> 0 | X56: =IF($O56="MEU", 1, 0) -> 0 | Y56: =IF($O56="MEA", 1, 0) -> 0
A57: 3A1013196589 | B57: Poetologische Lyrik der Frühaufklärung : Gattungsfragen, Diskurse, Genderaspekte | C57: (classificationName=linsearch:mapping)lit | D57: gnd:4003524-4 | E57: TRUE | F57: TRUE | G57: YYY | H57: 0.9 | I57: 0.99998368 | J57: Aufklärung | K57: Aufklärung | L57: Aufklärung | M57: =IF(A57<>A56,M56 + 1, M56) -> 11 | N57: TP | P57: =IF(AND(E57,F57),1,0) -> 1 | Q57: =IF(AND(NOT(E57),F57),1,0) -> 0 | R57: =IF(AND(E57,NOT(F57)),1,0) -> 0 | S57: =IF($N57="FP0", 1, 0) -> 0 | T57: =IF($N57="FP1", 1, 0) -> 0 | U57: =IF($N57="FP2", 1, 0) -> 0 | V57: =IF($N57="FNM", 1, 0) -> 0 | W57: =IF($N57="FNC", 1, 0) -> 0 | X57: =IF($O57="MEU", 1, 0) -> 0 | Y57: =IF($O57="MEA", 1, 0) -> 0
A58: 3A1013196589 | B58: Poetologische Lyrik der Frühaufklärung : Gattungsfragen, Diskurse, Genderaspekte | C58: (classificationName=linsearch:mapping)lit | D58: gnd:4222106-7 | E58: TRUE | F58: FALSE | J58: Geschlechterrolle (Motiv) | M58: =IF(A58<>A57,M57 + 1, M57) -> 11 | N58: FNM | P58: =IF(AND(E58,F58),1,0) -> 0 | Q58: =IF(AND(NOT(E58),F58),1,0) -> 0 | R58: =IF(AND(E58,NOT(F58)),1,0) -> 1 | S58: =IF($N58="FP0", 1, 0) -> 0 | T58: =IF($N58="FP1", 1, 0) -> 0 | U58: =IF($N58="FP2", 1, 0) -> 0 | V58: =IF($N58="FNM", 1, 0) -> 1 | W58: =IF($N58="FNC", 1, 0) -> 0 | X58: =IF($O58="MEU", 1, 0) -> 0 | Y58: =IF($O58="MEA", 1, 0) -> 0
A59: 3A1013196589 | B59: Poetologische Lyrik der Frühaufklärung : Gattungsfragen, Diskurse, Genderaspekte | C59: (classificationName=linsearch:mapping)lit | D59: gnd:4113292-0 | E59: TRUE | F59: FALSE | J59: Deutsch | M59: =IF(A59<>A58,M58 + 1, M58) -> 11 | N59: FNM | P59: =IF(AND(E59,F59),1,0) -> 0 | Q59: =IF(AND(NOT(E59),F59),1,0) -> 0 | R59: =IF(AND(E59,NOT(F59)),1,0) -> 1 | S59: =IF($N59="FP0", 1, 0) -> 0 | T59: =IF($N59="FP1", 1, 0) -> 0 | U59: =IF($N59="FP2", 1, 0) -> 0 | V59: =IF($N59="FNM", 1, 0) -> 1 | W59: =IF($N59="FNC", 1, 0) -> 0 | X59: =IF($O59="MEU", 1, 0) -> 0 | Y59: =IF($O59="MEA", 1, 0) -> 0
A60: 3A1013196589 | B60: Poetologische Lyrik der Frühaufklärung : Gattungsfragen, Diskurse, Genderaspekte | C60: (classificationName=linsearch:mapping)lit | D60: gnd:4323424-0 | E60: TRUE | F60: FALSE | J60: Poetologische Lyrik | M60: =IF(A60<>A59,M59 + 1, M59) -> 11 | N60: FNC | P60: =IF(AND(E60,F60),1,0) -> 0 | Q60: =IF(AND(NOT(E60),F60),1,0) -> 0 | R60: =IF(AND(E60,NOT(F60)),1,0) -> 1 | S60: =IF($N60="FP0", 1, 0) -> 0 | T60: =IF($N60="FP1", 1, 0) -> 0 | U60: =IF($N60="FP2", 1, 0) -> 0 | V60: =IF($N60="FNM", 1, 0) -> 0 | W60: =IF($N60="FNC", 1, 0) -> 1 | X60: =IF($O60="MEU", 1, 0) -> 0 | Y60: =IF($O60="MEA", 1, 0) -> 0
A61: 3A1013196589 | B61: Poetologische Lyrik der Frühaufklärung : Gattungsfragen, Diskurse, Genderaspekte | C61: (classificationName=linsearch:mapping)lit | D61: gnd:4137287-6 | E61: TRUE | F61: FALSE | J61: Gattungstheorie | M61: =IF(A61<>A60,M60 + 1, M60) -> 11 | N61: FNM | P61: =IF(AND(E61,F61),1,0) -> 0 | Q61: =IF(AND(NOT(E61),F61),1,0) -> 0 | R61: =IF(AND(E61,NOT(F61)),1,0) -> 1 | S61: =IF($N61="FP0", 1, 0) -> 0 | T61: =IF($N61="FP1", 1, 0) -> 0 | U61: =IF($N61="FP2", 1, 0) -> 0 | V61: =IF($N61="FNM", 1, 0) -> 1 | W61: =IF($N61="FNC", 1, 0) -> 0 | X61: =IF($O61="MEU", 1, 0) -> 0 | Y61: =IF($O61="MEA", 1, 0) -> 0
A62: 3A1655828231 | B62: Harry Potters literarischer Zauber : eine Analyse zum Erfolg der Buchserie | C62: (classificationName=linsearch:mapping)lit | D62: gnd:4036034-9 | E62: FALSE | F62: TRUE | G62: N | H62: 1 | I62: 0.99999129 | J62: Literaturwissenschaft | K62: Literaturwissenschaft | L62: Literaturwissenschaft | M62: =IF(A62<>A61,M61 + 1, M61) -> 12 | N62: FP0 | P62: =IF(AND(E62,F62),1,0) -> 0 | Q62: =IF(AND(NOT(E62),F62),1,0) -> 1 | R62: =IF(AND(E62,NOT(F62)),1,0) -> 0 | S62: =IF($N62="FP0", 1, 0) -> 1 | T62: =IF($N62="FP1", 1, 0) -> 0 | U62: =IF($N62="FP2", 1, 0) -> 0 | V62: =IF($N62="FNM", 1, 0) -> 0 | W62: =IF($N62="FNC", 1, 0) -> 0 | X62: =IF($O62="MEU", 1, 0) -> 0 | Y62: =IF($O62="MEA", 1, 0) -> 0
A63: 3A1655828231 | B63: Harry Potters literarischer Zauber : eine Analyse zum Erfolg der Buchserie | C63: (classificationName=linsearch:mapping)lit | D63: gnd:4035441-6 | E63: FALSE | F63: TRUE | G63: I | H63: 0.9 | I63: 0.99996989 | J63: Leser | K63: Leser | L63: Leser | M63: =IF(A63<>A62,M62 + 1, M62) -> 12 | N63: FP1 | P63: =IF(AND(E63,F63),1,0) -> 0 | Q63: =IF(AND(NOT(E63),F63),1,0) -> 1 | R63: =IF(AND(E63,NOT(F63)),1,0) -> 0 | S63: =IF($N63="FP0", 1, 0) -> 0 | T63: =IF($N63="FP1", 1, 0) -> 1 | U63: =IF($N63="FP2", 1, 0) -> 0 | V63: =IF($N63="FNM", 1, 0) -> 0 | W63: =IF($N63="FNC", 1, 0) -> 0 | X63: =IF($O63="MEU", 1, 0) -> 0 | Y63: =IF($O63="MEA", 1, 0) -> 0
A64: 3A1655828231 | B64: Harry Potters literarischer Zauber : eine Analyse zum Erfolg der Buchserie | C64: (classificationName=linsearch:mapping)lit | D64: gnd:4169194-5 | E64: FALSE | F64: TRUE | G64: NNN | H64: 0.9 | I64: 0.99999157 | J64: Medienwissenschaft | K64: Medienwissenschaft | L64: Medienwissenschaft | M64: =IF(A64<>A63,M63 + 1, M63) -> 12 | N64: FP0 | P64: =IF(AND(E64,F64),1,0) -> 0 | Q64: =IF(AND(NOT(E64),F64),1,0) -> 1 | R64: =IF(AND(E64,NOT(F64)),1,0) -> 0 | S64: =IF($N64="FP0", 1, 0) -> 1 | T64: =IF($N64="FP1", 1, 0) -> 0 | U64: =IF($N64="FP2", 1, 0) -> 0 | V64: =IF($N64="FNM", 1, 0) -> 0 | W64: =IF($N64="FNC", 1, 0) -> 0 | X64: =IF($O64="MEU", 1, 0) -> 0 | Y64: =IF($O64="MEA", 1, 0) -> 0
A65: 3A1655828231 | B65: Harry Potters literarischer Zauber : eine Analyse zum Erfolg der Buchserie | C65: (classificationName=linsearch:mapping)lit | D65: gnd:4014606-6 | E65: FALSE | F65: TRUE | G65: N | H65: 0.8 | I65: 0.87894925 | J65: Empirische Sozialforschung | K65: Empirische Sozialforschung | L65: Empirische Verhaltensforschung | M65: =IF(A65<>A64,M64 + 1, M64) -> 12 | N65: FP0 | O65: MEU | P65: =IF(AND(E65,F65),1,0) -> 0 | Q65: =IF(AND(NOT(E65),F65),1,0) -> 1 | R65: =IF(AND(E65,NOT(F65)),1,0) -> 0 | S65: =IF($N65="FP0", 1, 0) -> 1 | T65: =IF($N65="FP1", 1, 0) -> 0 | U65: =IF($N65="FP2", 1, 0) -> 0 | V65: =IF($N65="FNM", 1, 0) -> 0 | W65: =IF($N65="FNC", 1, 0) -> 0 | X65: =IF($O65="MEU", 1, 0) -> 1 | Y65: =IF($O65="MEA", 1, 0) -> 0
A66: 3A1655828231 | B66: Harry Potters literarischer Zauber : eine Analyse zum Erfolg der Buchserie | C66: (classificationName=linsearch:mapping)lit | D66: gnd:4037589-4 | E66: FALSE | F66: TRUE | G66: Y | H66: 0.8 | I66: 0.99999428 | J66: Marketing | K66: Marketing | L66: Marketing | M66: =IF(A66<>A65,M65 + 1, M65) -> 12 | N66: FP2 | P66: =IF(AND(E66,F66),1,0) -> 0 | Q66: =IF(AND(NOT(E66),F66),1,0) -> 1 | R66: =IF(AND(E66,NOT(F66)),1,0) -> 0 | S66: =IF($N66="FP0", 1, 0) -> 0 | T66: =IF($N66="FP1", 1, 0) -> 0 | U66: =IF($N66="FP2", 1, 0) -> 1 | V66: =IF($N66="FNM", 1, 0) -> 0 | W66: =IF($N66="FNC", 1, 0) -> 0 | X66: =IF($O66="MEU", 1, 0) -> 0 | Y66: =IF($O66="MEA", 1, 0) -> 0
A67: 3A1655828231 | B67: Harry Potters literarischer Zauber : eine Analyse zum Erfolg der Buchserie | C67: (classificationName=linsearch:mapping)lit | D67: gnd:4194196-2 | E67: TRUE | F67: FALSE | J67: Textanalyse | M67: =IF(A67<>A66,M66 + 1, M66) -> 12 | N67: FNM | P67: =IF(AND(E67,F67),1,0) -> 0 | Q67: =IF(AND(NOT(E67),F67),1,0) -> 0 | R67: =IF(AND(E67,NOT(F67)),1,0) -> 1 | S67: =IF($N67="FP0", 1, 0) -> 0 | T67: =IF($N67="FP1", 1, 0) -> 0 | U67: =IF($N67="FP2", 1, 0) -> 0 | V67: =IF($N67="FNM", 1, 0) -> 1 | W67: =IF($N67="FNC", 1, 0) -> 0 | X67: =IF($O67="MEU", 1, 0) -> 0 | Y67: =IF($O67="MEA", 1, 0) -> 0
A68: 3A1690415053 | B68: "Über diesem Abgrund" : Studien zur Literatur der Shoah | C68: (classificationName=linsearch:mapping)lit | D68: gnd:4035964-5 | E68: TRUE | F68: TRUE | G68: YYY | H68: 1 | I68: 0.99999248 | J68: Literatur | K68: Literatur | L68: Literatur | M68: =IF(A68<>A67,M67 + 1, M67) -> 13 | N68: TP | P68: =IF(AND(E68,F68),1,0) -> 1 | Q68: =IF(AND(NOT(E68),F68),1,0) -> 0 | R68: =IF(AND(E68,NOT(F68)),1,0) -> 0 | S68: =IF($N68="FP0", 1, 0) -> 0 | T68: =IF($N68="FP1", 1, 0) -> 0 | U68: =IF($N68="FP2", 1, 0) -> 0 | V68: =IF($N68="FNM", 1, 0) -> 0 | W68: =IF($N68="FNC", 1, 0) -> 0 | X68: =IF($O68="MEU", 1, 0) -> 0 | Y68: =IF($O68="MEA", 1, 0) -> 0
A69: 3A1690415053 | B69: "Über diesem Abgrund" : Studien zur Literatur der Shoah | C69: (classificationName=linsearch:mapping)lit | D69: gnd:4073091-8 | E69: TRUE | F69: TRUE | G69: YYY | H69: 0.9 | I69: 0.99997041 | J69: Judenvernichtung | K69: Holocaust | L69: Holocaust | M69: =IF(A69<>A68,M68 + 1, M68) -> 13 | N69: TP | P69: =IF(AND(E69,F69),1,0) -> 1 | Q69: =IF(AND(NOT(E69),F69),1,0) -> 0 | R69: =IF(AND(E69,NOT(F69)),1,0) -> 0 | S69: =IF($N69="FP0", 1, 0) -> 0 | T69: =IF($N69="FP1", 1, 0) -> 0 | U69: =IF($N69="FP2", 1, 0) -> 0 | V69: =IF($N69="FNM", 1, 0) -> 0 | W69: =IF($N69="FNC", 1, 0) -> 0 | X69: =IF($O69="MEU", 1, 0) -> 0 | Y69: =IF($O69="MEA", 1, 0) -> 0
A70: 3A1690415053 | B70: "Über diesem Abgrund" : Studien zur Literatur der Shoah | C70: (classificationName=linsearch:mapping)lit | D70: gnd:4165683-0 | E70: FALSE | F70: TRUE | G70: NNN | H70: 0.8 | I70: 0.82634607 | J70: Kriegsliteratur | K70: Kriegsliteratur | L70: Holocaustliteratur | M70: =IF(A70<>A69,M69 + 1, M69) -> 13 | N70: FP0 | O70: MEU | P70: =IF(AND(E70,F70),1,0) -> 0 | Q70: =IF(AND(NOT(E70),F70),1,0) -> 1 | R70: =IF(AND(E70,NOT(F70)),1,0) -> 0 | S70: =IF($N70="FP0", 1, 0) -> 1 | T70: =IF($N70="FP1", 1, 0) -> 0 | U70: =IF($N70="FP2", 1, 0) -> 0 | V70: =IF($N70="FNM", 1, 0) -> 0 | W70: =IF($N70="FNC", 1, 0) -> 0 | X70: =IF($O70="MEU", 1, 0) -> 1 | Y70: =IF($O70="MEA", 1, 0) -> 0
A71: 3A1690415053 | B71: "Über diesem Abgrund" : Studien zur Literatur der Shoah | C71: (classificationName=linsearch:mapping)lit | D71: gnd:7610472-2 | E71: FALSE | F71: TRUE | G71: N | H71: 0.8 | I71: 0.80249921 | J71: International Day of Commemoration to honour the victims of the Holocaust | K71: Holocaust-Gedenktag | L71: Holocaustgedenken | M71: =IF(A71<>A70,M70 + 1, M70) -> 13 | N71: FP0 | O71: MEU | P71: =IF(AND(E71,F71),1,0) -> 0 | Q71: =IF(AND(NOT(E71),F71),1,0) -> 1 | R71: =IF(AND(E71,NOT(F71)),1,0) -> 0 | S71: =IF($N71="FP0", 1, 0) -> 1 | T71: =IF($N71="FP1", 1, 0) -> 0 | U71: =IF($N71="FP2", 1, 0) -> 0 | V71: =IF($N71="FNM", 1, 0) -> 0 | W71: =IF($N71="FNC", 1, 0) -> 0 | X71: =IF($O71="MEU", 1, 0) -> 1 | Y71: =IF($O71="MEA", 1, 0) -> 0
A72: 3A1690415053 | B72: "Über diesem Abgrund" : Studien zur Literatur der Shoah | C72: (classificationName=linsearch:mapping)lit | D72: gnd:1215271336 | E72: FALSE | F72: TRUE | G72: N | H72: 0.4 | I72: 0.85149403 | J72: Israelforschung | K72: Israelstudien | L72: Holocauststudien | M72: =IF(A72<>A71,M71 + 1, M71) -> 13 | N72: FP0 | O72: MEU | P72: =IF(AND(E72,F72),1,0) -> 0 | Q72: =IF(AND(NOT(E72),F72),1,0) -> 1 | R72: =IF(AND(E72,NOT(F72)),1,0) -> 0 | S72: =IF($N72="FP0", 1, 0) -> 1 | T72: =IF($N72="FP1", 1, 0) -> 0 | U72: =IF($N72="FP2", 1, 0) -> 0 | V72: =IF($N72="FNM", 1, 0) -> 0 | W72: =IF($N72="FNC", 1, 0) -> 0 | X72: =IF($O72="MEU", 1, 0) -> 1 | Y72: =IF($O72="MEA", 1, 0) -> 0
A73: 3A1690415053 | B73: "Über diesem Abgrund" : Studien zur Literatur der Shoah | C73: (classificationName=linsearch:mapping)lit | D73: gnd:4122228-3 | E73: TRUE | F73: FALSE | J73: Judenvernichtung (Motiv) | M73: =IF(A73<>A72,M72 + 1, M72) -> 13 | N73: FNC | P73: =IF(AND(E73,F73),1,0) -> 0 | Q73: =IF(AND(NOT(E73),F73),1,0) -> 0 | R73: =IF(AND(E73,NOT(F73)),1,0) -> 1 | S73: =IF($N73="FP0", 1, 0) -> 0 | T73: =IF($N73="FP1", 1, 0) -> 0 | U73: =IF($N73="FP2", 1, 0) -> 0 | V73: =IF($N73="FNM", 1, 0) -> 0 | W73: =IF($N73="FNC", 1, 0) -> 1 | X73: =IF($O73="MEU", 1, 0) -> 0 | Y73: =IF($O73="MEA", 1, 0) -> 0
A74: 3A1690415053 | B74: "Über diesem Abgrund" : Studien zur Literatur der Shoah | C74: (classificationName=linsearch:mapping)lit | D74: gnd:4113292-0 | E74: TRUE | F74: FALSE | J74: Deutsch | M74: =IF(A74<>A73,M73 + 1, M73) -> 13 | N74: FNM | P74: =IF(AND(E74,F74),1,0) -> 0 | Q74: =IF(AND(NOT(E74),F74),1,0) -> 0 | R74: =IF(AND(E74,NOT(F74)),1,0) -> 1 | S74: =IF($N74="FP0", 1, 0) -> 0 | T74: =IF($N74="FP1", 1, 0) -> 0 | U74: =IF($N74="FP2", 1, 0) -> 0 | V74: =IF($N74="FNM", 1, 0) -> 1 | W74: =IF($N74="FNC", 1, 0) -> 0 | X74: =IF($O74="MEU", 1, 0) -> 0 | Y74: =IF($O74="MEA", 1, 0) -> 0
A75: 3A1690415053 | B75: "Über diesem Abgrund" : Studien zur Literatur der Shoah | C75: (classificationName=linsearch:mapping)lit | D75: gnd:4015272-8 | E75: TRUE | F75: FALSE | J75: Erinnerung | M75: =IF(A75<>A74,M74 + 1, M74) -> 13 | N75: FNM | P75: =IF(AND(E75,F75),1,0) -> 0 | Q75: =IF(AND(NOT(E75),F75),1,0) -> 0 | R75: =IF(AND(E75,NOT(F75)),1,0) -> 1 | S75: =IF($N75="FP0", 1, 0) -> 0 | T75: =IF($N75="FP1", 1, 0) -> 0 | U75: =IF($N75="FP2", 1, 0) -> 0 | V75: =IF($N75="FNM", 1, 0) -> 1 | W75: =IF($N75="FNC", 1, 0) -> 0 | X75: =IF($O75="MEU", 1, 0) -> 0 | Y75: =IF($O75="MEA", 1, 0) -> 0
A76: 3A1690415053 | B76: "Über diesem Abgrund" : Studien zur Literatur der Shoah | C76: (classificationName=linsearch:mapping)lit | D76: gnd:4193441-6 | E76: TRUE | F76: FALSE | J76: Erinnerung (Motiv) | M76: =IF(A76<>A75,M75 + 1, M75) -> 13 | N76: FNM | P76: =IF(AND(E76,F76),1,0) -> 0 | Q76: =IF(AND(NOT(E76),F76),1,0) -> 0 | R76: =IF(AND(E76,NOT(F76)),1,0) -> 1 | S76: =IF($N76="FP0", 1, 0) -> 0 | T76: =IF($N76="FP1", 1, 0) -> 0 | U76: =IF($N76="FP2", 1, 0) -> 0 | V76: =IF($N76="FNM", 1, 0) -> 1 | W76: =IF($N76="FNC", 1, 0) -> 0 | X76: =IF($O76="MEU", 1, 0) -> 0 | Y76: =IF($O76="MEA", 1, 0) -> 0
A77: 3A1736439154 | B77: Studien zu Homer, zur Tragödie und zum Satyrspiel | C77: (classificationName=linsearch:mapping)lit | D77: gnd:4060591-7 | E77: TRUE | F77: TRUE | G77: YYY | H77: 0.9 | I77: 0.99998804 | J77: Tragödie | K77: Tragödie | L77: Tragödie | M77: =IF(A77<>A76,M76 + 1, M76) -> 14 | N77: TP | P77: =IF(AND(E77,F77),1,0) -> 1 | Q77: =IF(AND(NOT(E77),F77),1,0) -> 0 | R77: =IF(AND(E77,NOT(F77)),1,0) -> 0 | S77: =IF($N77="FP0", 1, 0) -> 0 | T77: =IF($N77="FP1", 1, 0) -> 0 | U77: =IF($N77="FP2", 1, 0) -> 0 | V77: =IF($N77="FNM", 1, 0) -> 0 | W77: =IF($N77="FNC", 1, 0) -> 0 | X77: =IF($O77="MEU", 1, 0) -> 0 | Y77: =IF($O77="MEA", 1, 0) -> 0
A78: 3A1736439154 | B78: Studien zu Homer, zur Tragödie und zum Satyrspiel | C78: (classificationName=linsearch:mapping)lit | D78: gnd:4179175-7 | E78: TRUE | F78: TRUE | G78: YYY | H78: 0.9 | I78: 0.99998601 | J78: Satyrspiel | K78: Satyrspiel | L78: Satyrspiel | M78: =IF(A78<>A77,M77 + 1, M77) -> 14 | N78: TP | P78: =IF(AND(E78,F78),1,0) -> 1 | Q78: =IF(AND(NOT(E78),F78),1,0) -> 0 | R78: =IF(AND(E78,NOT(F78)),1,0) -> 0 | S78: =IF($N78="FP0", 1, 0) -> 0 | T78: =IF($N78="FP1", 1, 0) -> 0 | U78: =IF($N78="FP2", 1, 0) -> 0 | V78: =IF($N78="FNM", 1, 0) -> 0 | W78: =IF($N78="FNC", 1, 0) -> 0 | X78: =IF($O78="MEU", 1, 0) -> 0 | Y78: =IF($O78="MEA", 1, 0) -> 0
A79: 3A1736439154 | B79: Studien zu Homer, zur Tragödie und zum Satyrspiel | C79: (classificationName=linsearch:mapping)lit | D79: gnd:4113791-7 | E79: TRUE | F79: FALSE | J79: Griechisch | M79: =IF(A79<>A78,M78 + 1, M78) -> 14 | N79: FNM | P79: =IF(AND(E79,F79),1,0) -> 0 | Q79: =IF(AND(NOT(E79),F79),1,0) -> 0 | R79: =IF(AND(E79,NOT(F79)),1,0) -> 1 | S79: =IF($N79="FP0", 1, 0) -> 0 | T79: =IF($N79="FP1", 1, 0) -> 0 | U79: =IF($N79="FP2", 1, 0) -> 0 | V79: =IF($N79="FNM", 1, 0) -> 1 | W79: =IF($N79="FNC", 1, 0) -> 0 | X79: =IF($O79="MEU", 1, 0) -> 0 | Y79: =IF($O79="MEA", 1, 0) -> 0
A80: 3A1738519694 | B80: Literarische Reflexionsräume des Politischen : Neuausrichtungen in Erzähltexten der Gegenwart | C80: (classificationName=linsearch:mapping)lit | D80: gnd:4137400-9 | E80: TRUE | F80: TRUE | G80: YYY | H80: 0.9 | I80: 0.99998917 | J80: Politische Literatur | K80: Politische Literatur | L80: Politische Literatur | M80: =IF(A80<>A79,M79 + 1, M79) -> 15 | N80: TP | P80: =IF(AND(E80,F80),1,0) -> 1 | Q80: =IF(AND(NOT(E80),F80),1,0) -> 0 | R80: =IF(AND(E80,NOT(F80)),1,0) -> 0 | S80: =IF($N80="FP0", 1, 0) -> 0 | T80: =IF($N80="FP1", 1, 0) -> 0 | U80: =IF($N80="FP2", 1, 0) -> 0 | V80: =IF($N80="FNM", 1, 0) -> 0 | W80: =IF($N80="FNC", 1, 0) -> 0 | X80: =IF($O80="MEU", 1, 0) -> 0 | Y80: =IF($O80="MEA", 1, 0) -> 0
A81: 3A1738519694 | B81: Literarische Reflexionsräume des Politischen : Neuausrichtungen in Erzähltexten der Gegenwart | C81: (classificationName=linsearch:mapping)lit | D81: gnd:7564086-7 | E81: FALSE | F81: TRUE | G81: N | H81: 0.8 | I81: 0.80536138 | J81: Raum der Stille | K81: Meditationsraum | L81: Reflexionsräume | M81: =IF(A81<>A80,M80 + 1, M80) -> 15 | N81: FP0 | O81: MEU | P81: =IF(AND(E81,F81),1,0) -> 0 | Q81: =IF(AND(NOT(E81),F81),1,0) -> 1 | R81: =IF(AND(E81,NOT(F81)),1,0) -> 0 | S81: =IF($N81="FP0", 1, 0) -> 1 | T81: =IF($N81="FP1", 1, 0) -> 0 | U81: =IF($N81="FP2", 1, 0) -> 0 | V81: =IF($N81="FNM", 1, 0) -> 0 | W81: =IF($N81="FNC", 1, 0) -> 0 | X81: =IF($O81="MEU", 1, 0) -> 1 | Y81: =IF($O81="MEA", 1, 0) -> 0
A82: 3A1738519694 | B82: Literarische Reflexionsräume des Politischen : Neuausrichtungen in Erzähltexten der Gegenwart | C82: (classificationName=linsearch:mapping)lit | D82: gnd:4189602-6 | E82: FALSE | F82: TRUE | G82: N | H82: 0.6 | I82: 0.81093479 | J82: Weltliteratur | K82: Weltliteratur | L82: Gegenwartsliteratur | M82: =IF(A82<>A81,M81 + 1, M81) -> 15 | N82: FP0 | O82: MEU | P82: =IF(AND(E82,F82),1,0) -> 0 | Q82: =IF(AND(NOT(E82),F82),1,0) -> 1 | R82: =IF(AND(E82,NOT(F82)),1,0) -> 0 | S82: =IF($N82="FP0", 1, 0) -> 1 | T82: =IF($N82="FP1", 1, 0) -> 0 | U82: =IF($N82="FP2", 1, 0) -> 0 | V82: =IF($N82="FNM", 1, 0) -> 0 | W82: =IF($N82="FNC", 1, 0) -> 0 | X82: =IF($O82="MEU", 1, 0) -> 1 | Y82: =IF($O82="MEA", 1, 0) -> 0
A83: 3A1738519694 | B83: Literarische Reflexionsräume des Politischen : Neuausrichtungen in Erzähltexten der Gegenwart | C83: (classificationName=linsearch:mapping)lit | D83: gnd:4113292-0 | E83: TRUE | F83: FALSE | J83: Deutsch | M83: =IF(A83<>A82,M82 + 1, M82) -> 15 | N83: FNM | P83: =IF(AND(E83,F83),1,0) -> 0 | Q83: =IF(AND(NOT(E83),F83),1,0) -> 0 | R83: =IF(AND(E83,NOT(F83)),1,0) -> 1 | S83: =IF($N83="FP0", 1, 0) -> 0 | T83: =IF($N83="FP1", 1, 0) -> 0 | U83: =IF($N83="FP2", 1, 0) -> 0 | V83: =IF($N83="FNM", 1, 0) -> 1 | W83: =IF($N83="FNC", 1, 0) -> 0 | X83: =IF($O83="MEU", 1, 0) -> 0 | Y83: =IF($O83="MEA", 1, 0) -> 0
A84: 3A1738519694 | B84: Literarische Reflexionsräume des Politischen : Neuausrichtungen in Erzähltexten der Gegenwart | C84: (classificationName=linsearch:mapping)lit | D84: gnd:4239827-7 | E84: TRUE | F84: FALSE | J84: Politischer Roman | M84: =IF(A84<>A83,M83 + 1, M83) -> 15 | N84: FNC | P84: =IF(AND(E84,F84),1,0) -> 0 | Q84: =IF(AND(NOT(E84),F84),1,0) -> 0 | R84: =IF(AND(E84,NOT(F84)),1,0) -> 1 | S84: =IF($N84="FP0", 1, 0) -> 0 | T84: =IF($N84="FP1", 1, 0) -> 0 | U84: =IF($N84="FP2", 1, 0) -> 0 | V84: =IF($N84="FNM", 1, 0) -> 0 | W84: =IF($N84="FNC", 1, 0) -> 1 | X84: =IF($O84="MEU", 1, 0) -> 0 | Y84: =IF($O84="MEA", 1, 0) -> 0
A85: 3A1742736750 | B85: Mittelerde : Tolkien und die germanische Mythologie | C85: (classificationName=linsearch:mapping)lit | D85: gnd:4041005-5 | E85: TRUE | F85: TRUE | G85: YYY | H85: 0.9 | I85: 0.9999908 | J85: Mythologie | K85: Mythologie | L85: Mythologie | M85: =IF(A85<>A84,M84 + 1, M84) -> 16 | N85: TP | P85: =IF(AND(E85,F85),1,0) -> 1 | Q85: =IF(AND(NOT(E85),F85),1,0) -> 0 | R85: =IF(AND(E85,NOT(F85)),1,0) -> 0 | S85: =IF($N85="FP0", 1, 0) -> 0 | T85: =IF($N85="FP1", 1, 0) -> 0 | U85: =IF($N85="FP2", 1, 0) -> 0 | V85: =IF($N85="FNM", 1, 0) -> 0 | W85: =IF($N85="FNC", 1, 0) -> 0 | X85: =IF($O85="MEU", 1, 0) -> 0 | Y85: =IF($O85="MEA", 1, 0) -> 0
A86: 3A1742736750 | B86: Mittelerde : Tolkien und die germanische Mythologie | C86: (classificationName=linsearch:mapping)lit | D86: gnd:4113292-0 | E86: FALSE | F86: TRUE | G86: NNN | J86: Deutsch | M86: =IF(A86<>A85,M85 + 1, M85) -> 16 | N86: FP0 | P86: =IF(AND(E86,F86),1,0) -> 0 | Q86: =IF(AND(NOT(E86),F86),1,0) -> 1 | R86: =IF(AND(E86,NOT(F86)),1,0) -> 0 | S86: =IF($N86="FP0", 1, 0) -> 1 | T86: =IF($N86="FP1", 1, 0) -> 0 | U86: =IF($N86="FP2", 1, 0) -> 0 | V86: =IF($N86="FNM", 1, 0) -> 0 | W86: =IF($N86="FNC", 1, 0) -> 0 | X86: =IF($O86="MEU", 1, 0) -> 0 | Y86: =IF($O86="MEA", 1, 0) -> 0
A87: 3A1742736750 | B87: Mittelerde : Tolkien und die germanische Mythologie | C87: (classificationName=linsearch:mapping)lit | D87: gnd:4075459-5 | E87: TRUE | F87: FALSE | J87: Nordgermanen | M87: =IF(A87<>A86,M86 + 1, M86) -> 16 | N87: FNM | P87: =IF(AND(E87,F87),1,0) -> 0 | Q87: =IF(AND(NOT(E87),F87),1,0) -> 0 | R87: =IF(AND(E87,NOT(F87)),1,0) -> 1 | S87: =IF($N87="FP0", 1, 0) -> 0 | T87: =IF($N87="FP1", 1, 0) -> 0 | U87: =IF($N87="FP2", 1, 0) -> 0 | V87: =IF($N87="FNM", 1, 0) -> 1 | W87: =IF($N87="FNC", 1, 0) -> 0 | X87: =IF($O87="MEU", 1, 0) -> 0 | Y87: =IF($O87="MEA", 1, 0) -> 0
A88: 3A1780562055 | B88: The Arden research handbook of Shakespeare and adaptation | C88: (classificationName=linsearch:mapping)lit | D88: gnd:4128128-7 | E88: FALSE | F88: TRUE | G88: NNN | H88: 1 | I88: 0.99999187 | J88: Anpassung | K88: Adaption | L88: Adaption | M88: =IF(A88<>A87,M87 + 1, M87) -> 17 | N88: FP0 | O88: MEA | P88: =IF(AND(E88,F88),1,0) -> 0 | Q88: =IF(AND(NOT(E88),F88),1,0) -> 1 | R88: =IF(AND(E88,NOT(F88)),1,0) -> 0 | S88: =IF($N88="FP0", 1, 0) -> 1 | T88: =IF($N88="FP1", 1, 0) -> 0 | U88: =IF($N88="FP2", 1, 0) -> 0 | V88: =IF($N88="FNM", 1, 0) -> 0 | W88: =IF($N88="FNC", 1, 0) -> 0 | X88: =IF($O88="MEU", 1, 0) -> 0 | Y88: =IF($O88="MEA", 1, 0) -> 1
A89: 3A1780562055 | B89: The Arden research handbook of Shakespeare and adaptation | C89: (classificationName=linsearch:mapping)lit | D89: gnd:102289935X | E89: TRUE | F89: FALSE | J89: Adaption (Literatur) | M89: =IF(A89<>A88,M88 + 1, M88) -> 17 | N89: FNC | P89: =IF(AND(E89,F89),1,0) -> 0 | Q89: =IF(AND(NOT(E89),F89),1,0) -> 0 | R89: =IF(AND(E89,NOT(F89)),1,0) -> 1 | S89: =IF($N89="FP0", 1, 0) -> 0 | T89: =IF($N89="FP1", 1, 0) -> 0 | U89: =IF($N89="FP2", 1, 0) -> 0 | V89: =IF($N89="FNM", 1, 0) -> 0 | W89: =IF($N89="FNC", 1, 0) -> 1 | X89: =IF($O89="MEU", 1, 0) -> 0 | Y89: =IF($O89="MEA", 1, 0) -> 0
A90: 3A615728146 | B90: Comics as a nexus of cultures : essays on the interplay of media, disciplines and international perspectives | C90: (classificationName=linsearch:mapping)lit | D90: gnd:4010427-8 | E90: TRUE | F90: TRUE | G90: YYY | H90: 1 | I90: 0.99999126 | J90: Comic | K90: Comic | L90: Comic | M90: =IF(A90<>A89,M89 + 1, M89) -> 18 | N90: TP | P90: =IF(AND(E90,F90),1,0) -> 1 | Q90: =IF(AND(NOT(E90),F90),1,0) -> 0 | R90: =IF(AND(E90,NOT(F90)),1,0) -> 0 | S90: =IF($N90="FP0", 1, 0) -> 0 | T90: =IF($N90="FP1", 1, 0) -> 0 | U90: =IF($N90="FP2", 1, 0) -> 0 | V90: =IF($N90="FNM", 1, 0) -> 0 | W90: =IF($N90="FNC", 1, 0) -> 0 | X90: =IF($O90="MEU", 1, 0) -> 0 | Y90: =IF($O90="MEA", 1, 0) -> 0
A91: 3A615728146 | B91: Comics as a nexus of cultures : essays on the interplay of media, disciplines and international perspectives | C91: (classificationName=linsearch:mapping)lit | D91: gnd:4605581-2 | E91: TRUE | F91: TRUE | G91: YYY | H91: 0.9 | I91: 0.99998681 | J91: Intermedialität | K91: Intermedialität | L91: Intermedialität | M91: =IF(A91<>A90,M90 + 1, M90) -> 18 | N91: TP | P91: =IF(AND(E91,F91),1,0) -> 1 | Q91: =IF(AND(NOT(E91),F91),1,0) -> 0 | R91: =IF(AND(E91,NOT(F91)),1,0) -> 0 | S91: =IF($N91="FP0", 1, 0) -> 0 | T91: =IF($N91="FP1", 1, 0) -> 0 | U91: =IF($N91="FP2", 1, 0) -> 0 | V91: =IF($N91="FNM", 1, 0) -> 0 | W91: =IF($N91="FNC", 1, 0) -> 0 | X91: =IF($O91="MEU", 1, 0) -> 0 | Y91: =IF($O91="MEA", 1, 0) -> 0
A92: 3A615728146 | B92: Comics as a nexus of cultures : essays on the interplay of media, disciplines and international perspectives | C92: (classificationName=linsearch:mapping)lit | D92: gnd:7622329-2 | E92: FALSE | F92: TRUE | G92: YYY | H92: 0.9 | I92: 0.99999185 | J92: Medienkultur | K92: Medienkultur | L92: Medienkultur | M92: =IF(A92<>A91,M91 + 1, M91) -> 18 | N92: FP2 | P92: =IF(AND(E92,F92),1,0) -> 0 | Q92: =IF(AND(NOT(E92),F92),1,0) -> 1 | R92: =IF(AND(E92,NOT(F92)),1,0) -> 0 | S92: =IF($N92="FP0", 1, 0) -> 0 | T92: =IF($N92="FP1", 1, 0) -> 0 | U92: =IF($N92="FP2", 1, 0) -> 1 | V92: =IF($N92="FNM", 1, 0) -> 0 | W92: =IF($N92="FNC", 1, 0) -> 0 | X92: =IF($O92="MEU", 1, 0) -> 0 | Y92: =IF($O92="MEA", 1, 0) -> 0
A93: 3A615728146 | B93: Comics as a nexus of cultures : essays on the interplay of media, disciplines and international perspectives | C93: (classificationName=linsearch:mapping)lit | D93: gnd:4142484-0 | E93: TRUE | F93: FALSE | J93: Animationsfilm | M93: =IF(A93<>A92,M92 + 1, M92) -> 18 | N93: FNM | P93: =IF(AND(E93,F93),1,0) -> 0 | Q93: =IF(AND(NOT(E93),F93),1,0) -> 0 | R93: =IF(AND(E93,NOT(F93)),1,0) -> 1 | S93: =IF($N93="FP0", 1, 0) -> 0 | T93: =IF($N93="FP1", 1, 0) -> 0 | U93: =IF($N93="FP2", 1, 0) -> 0 | V93: =IF($N93="FNM", 1, 0) -> 1 | W93: =IF($N93="FNC", 1, 0) -> 0 | X93: =IF($O93="MEU", 1, 0) -> 0 | Y93: =IF($O93="MEA", 1, 0) -> 0
A94: 3A633917567 | B94: Literature after Darwin : human beasts in western fiction, 1859 - 1939 | C94: (classificationName=linsearch:mapping)lit | D94: gnd:4035964-5 | E94: TRUE | F94: TRUE | G94: Y | H94: 0.9 | I94: 0.99999248 | J94: Literatur | K94: Literatur | L94: Literatur | M94: =IF(A94<>A93,M93 + 1, M93) -> 19 | N94: TP | P94: =IF(AND(E94,F94),1,0) -> 1 | Q94: =IF(AND(NOT(E94),F94),1,0) -> 0 | R94: =IF(AND(E94,NOT(F94)),1,0) -> 0 | S94: =IF($N94="FP0", 1, 0) -> 0 | T94: =IF($N94="FP1", 1, 0) -> 0 | U94: =IF($N94="FP2", 1, 0) -> 0 | V94: =IF($N94="FNM", 1, 0) -> 0 | W94: =IF($N94="FNC", 1, 0) -> 0 | X94: =IF($O94="MEU", 1, 0) -> 0 | Y94: =IF($O94="MEA", 1, 0) -> 0
A95: 3A633917567 | B95: Literature after Darwin : human beasts in western fiction, 1859 - 1939 | C95: (classificationName=linsearch:mapping)lit | D95: gnd:4014777-0 | E95: FALSE | F95: TRUE | G95: I | H95: 0.8 | I95: 0.99999132 | J95: Englisch | K95: Englisch | L95: Englisch | M95: =IF(A95<>A94,M94 + 1, M94) -> 19 | N95: FP1 | P95: =IF(AND(E95,F95),1,0) -> 0 | Q95: =IF(AND(NOT(E95),F95),1,0) -> 1 | R95: =IF(AND(E95,NOT(F95)),1,0) -> 0 | S95: =IF($N95="FP0", 1, 0) -> 0 | T95: =IF($N95="FP1", 1, 0) -> 1 | U95: =IF($N95="FP2", 1, 0) -> 0 | V95: =IF($N95="FNM", 1, 0) -> 0 | W95: =IF($N95="FNC", 1, 0) -> 0 | X95: =IF($O95="MEU", 1, 0) -> 0 | Y95: =IF($O95="MEA", 1, 0) -> 0
A96: 3A633917567 | B96: Literature after Darwin : human beasts in western fiction, 1859 - 1939 | C96: (classificationName=linsearch:mapping)lit | D96: gnd:4060087-7 | E96: FALSE | F96: TRUE | G96: Y | H96: 0.8 | I96: 0.99999112 | J96: Tiere | K96: Tiere | L96: Tiere | M96: =IF(A96<>A95,M95 + 1, M95) -> 19 | N96: FP2 | P96: =IF(AND(E96,F96),1,0) -> 0 | Q96: =IF(AND(NOT(E96),F96),1,0) -> 1 | R96: =IF(AND(E96,NOT(F96)),1,0) -> 0 | S96: =IF($N96="FP0", 1, 0) -> 0 | T96: =IF($N96="FP1", 1, 0) -> 0 | U96: =IF($N96="FP2", 1, 0) -> 1 | V96: =IF($N96="FNM", 1, 0) -> 0 | W96: =IF($N96="FNC", 1, 0) -> 0 | X96: =IF($O96="MEU", 1, 0) -> 0 | Y96: =IF($O96="MEA", 1, 0) -> 0
A97: 3A633917567 | B97: Literature after Darwin : human beasts in western fiction, 1859 - 1939 | C97: (classificationName=linsearch:mapping)lit | D97: gnd:4047497-5 | E97: TRUE | F97: FALSE | J97: Prosa | M97: =IF(A97<>A96,M96 + 1, M96) -> 19 | N97: FNM | P97: =IF(AND(E97,F97),1,0) -> 0 | Q97: =IF(AND(NOT(E97),F97),1,0) -> 0 | R97: =IF(AND(E97,NOT(F97)),1,0) -> 1 | S97: =IF($N97="FP0", 1, 0) -> 0 | T97: =IF($N97="FP1", 1, 0) -> 0 | U97: =IF($N97="FP2", 1, 0) -> 0 | V97: =IF($N97="FNM", 1, 0) -> 1 | W97: =IF($N97="FNC", 1, 0) -> 0 | X97: =IF($O97="MEU", 1, 0) -> 0 | Y97: =IF($O97="MEA", 1, 0) -> 0
A98: 3A633917567 | B98: Literature after Darwin : human beasts in western fiction, 1859 - 1939 | C98: (classificationName=linsearch:mapping)lit | D98: gnd:4049716-1 | E98: TRUE | F98: FALSE | J98: Rezeption | M98: =IF(A98<>A97,M97 + 1, M97) -> 19 | N98: FNM | P98: =IF(AND(E98,F98),1,0) -> 0 | Q98: =IF(AND(NOT(E98),F98),1,0) -> 0 | R98: =IF(AND(E98,NOT(F98)),1,0) -> 1 | S98: =IF($N98="FP0", 1, 0) -> 0 | T98: =IF($N98="FP1", 1, 0) -> 0 | U98: =IF($N98="FP2", 1, 0) -> 0 | V98: =IF($N98="FNM", 1, 0) -> 1 | W98: =IF($N98="FNC", 1, 0) -> 0 | X98: =IF($O98="MEU", 1, 0) -> 0 | Y98: =IF($O98="MEA", 1, 0) -> 0
A99: 3A633917567 | B99: Literature after Darwin : human beasts in western fiction, 1859 - 1939 | C99: (classificationName=linsearch:mapping)lit | D99: gnd:4185464-0 | E99: TRUE | F99: FALSE | J99: Tiere (Motiv) | M99: =IF(A99<>A98,M98 + 1, M98) -> 19 | N99: FNM | P99: =IF(AND(E99,F99),1,0) -> 0 | Q99: =IF(AND(NOT(E99),F99),1,0) -> 0 | R99: =IF(AND(E99,NOT(F99)),1,0) -> 1 | S99: =IF($N99="FP0", 1, 0) -> 0 | T99: =IF($N99="FP1", 1, 0) -> 0 | U99: =IF($N99="FP2", 1, 0) -> 0 | V99: =IF($N99="FNM", 1, 0) -> 1 | W99: =IF($N99="FNC", 1, 0) -> 0 | X99: =IF($O99="MEU", 1, 0) -> 0 | Y99: =IF($O99="MEA", 1, 0) -> 0
A100: 3A860243907 | B100: Memoirs of well-being : rewriting discourses of illness and disability | C100: (classificationName=linsearch:mapping)lit | D100: gnd:4112696-8 | E100: FALSE | F100: TRUE | G100: Y | H100: 0.9 | I100: 0.99999322 | J100: Behinderung | K100: Behinderung | L100: Behinderung | M100: =IF(A100<>A99,M99 + 1, M99) -> 20 | N100: FP2 | P100: =IF(AND(E100,F100),1,0) -> 0 | Q100: =IF(AND(NOT(E100),F100),1,0) -> 1 | R100: =IF(AND(E100,NOT(F100)),1,0) -> 0 | S100: =IF($N100="FP0", 1, 0) -> 0 | T100: =IF($N100="FP1", 1, 0) -> 0 | U100: =IF($N100="FP2", 1, 0) -> 1 | V100: =IF($N100="FNM", 1, 0) -> 0 | W100: =IF($N100="FNC", 1, 0) -> 0 | X100: =IF($O100="MEU", 1, 0) -> 0 | Y100: =IF($O100="MEA", 1, 0) -> 0
...

Sheet Legend
A1: Error-Categories
A2: False Positives
A3: FP0 | B3: just wrong
B4: MEU | C4: Mapping Error, Concept unkown in the GND
B5: MEA | C5: ambiguity in the GND
A6: FP1 | B6: FP, too general
A7: FP2 | B7: FP, yet relevant
A8: False Negatives
A9: FNC | B9: False Negative, but closely matched by other aspect
A10: FNM | B10: False Negative, totally missed
A11: OOV | B11: Unfair FN, out of vocab for shared task
A13: True Positive
A14: TP | B14: when the system suggested precisely the subject term that was annotated in the gold standard
A16: Table Columns
A17: doc_id | B17: Record Identifier in the TIBKAT Collection
A18: label_id | B18: Identifier of a GND subject term
A19: gold | B19: was the label part of gold standard
A20: suggested | B20: was the label suggested by the system
A21: llm_relevance | B21: LLM produced relevance rating in the Rank stage
A22: cosine_similarity | B22: Cosine similarity between columns term and candidate, accorduing to BGE-3 embedding model
A23: label_text | B23: preferred label of a GND subject term
A24: term | B24: preferred or alternate label of a GND subject term, that a candidate was mapped tp
A25: error_categories | B25: as explaioned above
A26: #

Sheet Results
B2: True Positives | C2: False Positives | G2: False Negatives
A3: Category | B3: TP | C3: FP | D3: FP0 | E3: FP1 | F3: FP2 | G3: FN | H3: FNM | I3: FNC
A4: Count | B4: =SUM(Ratings!P2:'Ratings'!P273) -> 66 | C4: =SUM(Ratings!Q2:'Ratings'!Q273) -> 110 | D4: =SUM(Ratings!S2:'Ratings'!S273) -> 43 | E4: =SUM(Ratings!T2:'Ratings'!T273) -> 27 | F4: =SUM(Ratings!U2:'Ratings'!U273) -> 40 | G4: =SUM(Ratings!R2:'Ratings'!R273) -> 96 | H4: =SUM(Ratings!V2:'Ratings'!V273) -> 68 | I4: =SUM(Ratings!W2:'Ratings'!W273) -> 28
C5: =FP/(FP + TP) -> 0.625 | D5: =FP0/FP -> 0.39090909
C6: Sub-Categories of FP0
C7: MEA | D7: =SUM(Ratings!Y2:'Ratings'!Y273) -> 5
C8: MEU | D8: =SUM(Ratings!X2:'Ratings'!X273) -> 11
